FID,INSTNAME,CITY,STATE,ZIP
6599,DeVry University-Kentucky,Louisville,KY,40223
6600,Chamberlain College of Nursing-Administrative Office,Downers Grove,IL,60515
6601,Chamberlain College of Nursing-Illinois,Addison,IL,60101
6602,Chamberlain College of Nursing-Ohio,Columbus,OH,43209
6603,Chamberlain College of Nursing-Arizona,Phoenix,AZ,85021
6604,Career Quest Learning Centers-Jackson,Jackson,MI,48901
6605,Regency Beauty Institute-Fort Collins,Fort Collins,CO,80528
6606,Regency Beauty Institute-Tolleson,Phoenix,AZ,85033
6607,Regency Beauty Institute-Pasadena,Pasadena,TX,77505
6608,Regency Beauty Institute-Dayton,Dayton,OH,45459
6609,Regency Beauty Institute-Akron,Akron,OH,44310
6610,Regency Beauty Institute-Detroit Southgate,Southgate,MI,48195
6611,Regency Beauty Institute-Flint,Flint,MI,48507
6612,Regency Beauty Institute-Grand Rapids,Walker,MI,49544
6613,Regency Beauty Institute-Cypresswood,Spring,TX,77373
6614,Bryan University,Rogers,AR,72756
6615,Regency Beauty Institute-Austin,Austin,TX,78704
6616,Regency Beauty Institute-Mesa,Mesa,AZ,85202
6617,Regency Beauty Institute-Nashville,Antioch,TN,37013
6618,Regency Beauty Institute-Charlotte,Charlotte,NC,28273
6619,Regency Beauty Institute-North Olmsted,North Olmsted,OH,44070
6620,Regency Beauty Institute-Columbus,Columbus,OH,43214
6621,Regency Beauty Institute-Elgin,Elgin,IL,60123
6622,The Salon Professional Academy-Appleton,Appleton,WI,54915
6623,Milan Institute of Cosmetology-Fairfield,Fairfield,CA,94533
6624,Milan Institute of Cosmetology-Reno,Reno,NV,89502
6625,Milan Institute of Cosmetology-Visalia,Visalia,CA,93277
6626,Ottawa University-Online,Ottawa,KS,66067
6627,Broadview University-Orem,Orem,UT,84057
6628,Paul Mitchell the School-Esani,Roswell,GA,30076
6629,Institute of Production and Recording,Minneapolis,MN,55401
6630,Virginia College-Greenville,Greenville,SC,29607
6631,Paul Mitchell the School-Birmingham,Hoover,AL,35216
6632,Taft University System,Santa Ana,CA,92704
6633,Mayfield College,Cathedral City,CA,92234
6634,International Polytechnic Institute,Calexico,CA,92231
6635,Academy of Esthetics and Cosmetology,San Fernando,CA,91340
6636,BioHealth College,San Jose,CA,95134
6637,International Professional School of Bodywork,San Diego,CA,92123
6638,Borner's Barber College,Los Angeles,CA,90047
6639,Paul Mitchell the School-Pasadena,Alhambra,CA,91801
6640,San Francisco Institute of Esthetics and Cosmetology,San Francisco,CA,94103
6641,Laurus College,San Luis Obispo,CA,93401
6642,Healing Hands School of Holistic Health,Escondido,CA,92025
6643,Career Development Institute,Los Angeles,CA,90035
6644,Auguste Escoffier School of Culinary Arts-Boulder,Boulder,CO,80305
6645,Aspen University,Denver,CO,80246
6646,Institute of Taoist Education and Acupuncture,Louisville,CO,80027
6647,National Beauty College,Denver,CO,80221
6648,Denver School of Nursing,Denver,CO,80202
6649,Cambridge Institute of Health & Technology,Delray Beach,FL,33484
6650,Cozmo The School,Bonita Springs,FL,34135
6651,Allied Health Institute,Plantation,FL,33317
6652,North Florida Academy,Orange Park,FL,32065
6653,Professional Hands Institute,Miami,FL,33126
6654,Celebrity School of Beauty,Miami,FL,33144
6655,Paul Mitchell the School-Atlanta,Atlanta,GA,30318
6656,Evans Hairstyling College-Rexburg,Rexburg,ID,83440
6657,Hair Academy Paul Mitchell Partner School,Rexburg,ID,83440
6658,University of Aesthetics-Chicago,Chicago,IL,60622
6659,University of Aesthetics-Downers Grove,Downers Grove,IL,60515
6660,Tricoci University of Beauty Culture-Chicago,Chicago,IL,60656
6661,Tricoci University of Beauty Culture-Glendale Heights,Glendale Heights,IL,60139
6662,Tricoci University of Beauty Culture-Peoria,Peoria,IL,61614
6663,Tricoci University of Beauty Culture-Rockford,Rockford,IL,61108
6664,Frederick School of Cosmetology,Frederick,MD,21701
6665,Omega Studios' School of Applied Recording Arts & Sciences,Rockville,MD,20852
6666,Focus-Hope Information Technologies Center,Detroit,MI,48238
6667,International Cosmetology Academy,Grand Rapids,MI,49508
6668,French Academy of Cosmetology,Spring Lake,MI,49456
6669,Healing Arts Center,St. Louis,MO,63122
6670,Paul Mitchell the School-Springfield,Springfield,MO,65807
6671,Urshan Graduate School of Theology,Florissant,MO,63031
6672,Mississippi Institute of Aesthetics Nails & Cosmetology,Clinton,MS,39056
6673,College of Western Idaho,Nampa,ID,83687
6674,Aveda Institute-Chapel Hill,Chapel Hill,NC,27516
6675,Charlotte School of Law,Charlotte,NC,28244
6676,Daoist Traditions College of Chinese Medical Arts,Asheville,NC,28801
6677,Total Image Beauty Academy,Union City,NJ,7087
6678,Jersey College,Teterboro,NJ,7608
6679,American Institute of Medical Sciences & Education,Piscataway,NJ,8854
6680,Casal Institute of Nevada,Las Vegas,NV,89119
6681,Career School of NY,Staten Island,NY,10301
6682,John Paolo's Xtreme Beauty Institute-Goldwell Product Artistry,Ballston Spa,NY,12020
6683,Ann Marie's World of Beauty School,Binghamton,NY,13901
6684,Yeshiva of Machzikai Hadas,Brooklyn,NY,11219
6685,Aveda Institute-Columbus,Columbus,OH,43201
6686,Paul Mitchell the School-Cincinnati,Cincinnati,OH,45241
6687,Cutter's Edge School of Cosmetology,Cushing,OK,74023
6688,Hands on Therapy,Mesquite,TX,75149
6689,MediaTech Institute-Dallas,Dallas,TX,75234
6690,PCCenter,DeSoto,TX,75115
6691,Aveda Institute-San Antonio,San Antonio,TX,78259
6692,Skin Institute,Saint George,UT,84770
6693,Skin Science Institute,Salt Lake City,UT,84111
6694,Global Health College,Alexandria,VA,22314
6695,Pacific Northwest University of Health Sciences,Yakima,WA,98901
6696,Visions in Hair Design Institute of Cosmetology,Milwaukee,WI,53210
6697,Brensten Education,Waukesha,WI,53186
6698,The Chicago School of Professional Psychology at Irvine,Irvine,CA,92612
6699,California InterContinental University,Diamond Bar,CA,91765
6700,Fortis College-Dothan,Dothan,AL,36303
6701,Fortis Institute-Pensacola,Pensacola,FL,32514
6702,Fortis College-Montgomery,Montgomery,AL,36109
6703,Fortis College School of Cosmetology,Mobile,AL,36609
6704,Woodland Community College,Woodland,CA,95776
6705,Dorsey Business Schools-Farmington Hills,Farmington Hills,MI,48331
6706,Dorsey Business Schools-Roseville Culinary Academy,Roseville,MI,48066
6707,Vatterott College-Appling Farms,Memphis,TN,38133
6708,Minnesota School of Business-Moorhead,Moorhead,MN,56560
6709,Brown Mackie College-Boise,Boise,ID,83709
6710,Brown Mackie College-Tulsa,Tulsa,OK,74146
6711,Fortis Institute-Birmingham,Birmingham,AL,35211
6712,Daymar College-Scottsville,Scottsville,KY,42164
6713,Miller-Motte College-Greenville,Greenville,NC,27834
6714,The Chicago School of Professional Psychology at Los Angeles,Los Angeles,CA,90017
6715,Metro Business College-Arnold,Arnold,MO,63010
6716,The Chicago School of Professional Psychology at Westwood,Los Angeles,CA,90024
6717,Cardiac and Vascular Institute of Ultrasound,Mobile,AL,36606
6718,Virginia College-Jacksonville,Jacksonville,FL,32207
6719,Studio Academy of Beauty,Chandler,AZ,85224
6720,California Nurses Educational Institute,Palm Springs,CA,92264
6721,Central Nursing College,Los Angeles,CA,90010
6722,RWM Fiber Optics,Carson,CA,90746
6723,Paul Mitchell the School-Sacramento,Sacramento,CA,95825
6724,Providence Christian College,Pasadena,CA,91104
6725,Summit Salon & Beauty School,Woodland Park,CO,80866
6726,Oxford Academy of Hair Design,Seymour,CT,6483
6727,Institute of World Politics,Washington,DC,20036
6728,Pontifical John Paul II Institute for Studies on Marriage and Family,Washington,DC,20064
6729,Medical Institute of Palm Beach,Greenacres,FL,33463
6730,Lake Lanier School of Massage,Gainsville,GA,30501
6731,Oliver Finley Academy of Cosmetology,Boise,ID,83714
6732,National Career College,Van Nuys,CA,91405
6733,Aveda Institute-Chicago,Chicago,IL,60657
6734,Tricoci University of Beauty Culture-Libertyville,Libertyville,IL,60048
6735,Tricoci University of Beauty Culture-Bridgeview,Bridgeview,IL,60455
6736,The Temple-A Paul Mitchell Partner School,Frederick,MD,21701
6737,Center for Massage & Natural Health,Asheville,NC,28801
6738,Academy of Hair Design-Oklahoma City,Oklahoma City,OK,73120
6739,Education and Technology Institute,Greensburg,PA,15601
6740,Pulse Beauty Academy-A Paul Mitchell Partner School,Downington,PA,19335
6741,Liberty Technical College,Cayey,PR,737
6742,Toni & Guy Hairdressing Academy-Cranston,Cranston,RI,2920
6743,South Texas Training Center,San Benito,TX,78586
6744,Columbia College,Fairfax,VA,22031
6745,Vermont College of Fine Arts,Montpelier,VT,5602
6746,Advanced Welding Institute,South Burlington,VT,5403
6747,The Art Institute of Washington-Dulles,Sterling,VA,20166
6748,Paul Mitchell the School-Memphis,Bartlett,TN,38133
6749,Pima Medical Institute-East Valley,Mesa,AZ,85209
6750,Virginia College-Charleston,North Charleston,SC,29406
6751,The Ohio Academy Paul Mitchell Partner School-Cleveland,Twinsburg,OH,44087
6752,The Ohio Academy Paul Mitchell Partner School-Columbus,Columbus,OH,43231
6753,Georgia Beauty Academy,Dalton,GA,30721
6754,Stautzenberger Institute-Allen Park,Allen Park,MI,48101
6755,Empire Beauty School-Lauderhill,Lauderhill,FL,33351
6756,Empire Beauty School-Spring Lake Park,Spring Lake Park,MN,55432
6757,MediaTech Institute-Austin,Austin,TX,78745
6758,MediaTech Institute-Houston,Houston,TX,77042
6759,Fortis College-Phoenix,Phoenix,AZ,85006
6760,Miller-Motte College-Raleigh,Raleigh,NC,27604
6761,Lamson Institute,San Antonio,TX,78238
6762,Euphoria Institute of Beauty Arts & Sciences-Las Vegas,Las Vegas,NV,89131
6763,Lincoln College of Technology-Toledo,Toledo,OH,43615
6764,College of Hair Design-East Campus,Lincoln,NE,68526
6765,International Academy of Design and Technology-Online,Tampa,FL,33634
6766,Le Cordon Bleu College of Culinary Arts-St Louis,St Peters,MO,63376
6767,Sanford-Brown College-San Antonio,San Antonio,TX,78229
6768,Heritage College-Wichita,Wichita,KS,67210
6769,Heritage College-Little Rock,Little Rock,AR,72227
6770,Argosy University-Phoenix Online Division,Phoenix,AZ,85021
6771,MedTech College-Greenwood Campus,Greenwood,IN,46143
6772,MedTech College-Ft Wayne Campus,Ft. Wayne,IN,46804
6773,MedTech College-Lexington Campus,Lexington,KY,40511
6774,ITT Technical Institute-Madison,Madison,MS,39110
6775,ITT Technical Institute-Springfield,Springfield,MO,65807
6776,ITT Technical Institute-Huntington,Huntington,WV,25705
6777,ITT Technical Institute-Concord,Concord,CA,94520
6778,ITT Technical Institute-Fort Myers,Fort Myers,FL,33912
6779,ITT Technical Institute-Charlotte North,Charlotte,NC,28262
6780,Fortis College-Salt Lake City,Salt Lake City,UT,84107
6781,Polytechnic University of Puerto Rico-Miami,Miami,FL,33166
6782,Polytechnic University of Puerto Rico-Orlando,Orlando,FL,32825
6783,Ross Medical Education Center-Fort Wayne,Fort Wayne,IN,46805
6784,Ross Medical Education Center-Portage,Portage,MI,49002
6785,The Commonwealth Medical College,Scranton,PA,18510
6786,Josef's School of Hair Design Inc-Fargo West,Fargo,ND,58103
6787,Northeast Technology Center-Claremore,Claremore,OK,74017
6788,Salon Success Academy-Fontana,Fontana,CA,92335
6789,Salon Success Academy-Redlands,Redlands,CA,92373
6790,Brown Mackie College-Phoenix,Phoenix,AZ,85029
6791,Strayer University-West Virginia,Scott Depot,WV,25560
6792,Strayer University-Utah,Sandy,UT,84070
6793,Strayer University-Ohio,Mason,OH,45040
6794,Regency Beauty Institute-Tinley Park,Tinley Park,IL,60477
6795,Regency Beauty Institute-Columbia,Columbia,SC,29212
6796,Regency Beauty Institute-South Bend,Mishawaka,IN,46545
6797,Regency Beauty Institute-Detroit Lakeside,Shelby Township,MI,48315
6798,Regency Beauty Institute-Fort Myers,Fort Myers,FL,33907
6799,Regency Beauty Institute-Arlington,Arlington,TX,76015
6800,Regency Beauty Institute-Durham,Durham,NC,27701
6801,Minnesota School of Business-Elk River,Elk River,MN,55330
6802,Brown Mackie College-Greenville,Greenville,SC,29601
6803,Globe University-Sioux Falls,Sioux Falls,SD,57108
6804,Globe University-Eau Claire,Eau Claire,WI,54701
6805,Vanguard College of Cosmetology-Baton Rouge,Baton Rouge,LA,70816
6806,Globe University-Minneapolis,Minneapolis,MN,55402
6807,San Joaquin Valley College-Hesperia,Hesperia,CA,92344
6808,Beauty Schools of America-Homestead,Homestead,FL,33030
6809,ATI Career Training Center-Dallas,Dallas,TX,75247
6810,South Texas Vocational Technical Institute-Brownsville,Brownsville,TX,78520
6811,South Texas Vocational Technical Institute-Corpus Christi,Corpus Christi,TX,78416
6812,L'Ecole Culinaire-Memphis,Cordova,TN,38016
6813,University of Minnesota-Rochester,Rochester,MN,55904
6814,Health And Style Institute,High Point,NC,27265
6815,CBT College-Cutler Bay,Cutler Bay,FL,33157
6816,Provo College_American Fork,American Fork,UT,84003
6817,National College-Columbus,Columbus,OH,45420
6818,Kaplan Career Institute-Boston,Boston,MA,2215
6819,Herzing University-Toledo,Toledo,OH,43615
6820,Capri Beauty College,New Lenox,IL,60451
6821,Milan Institute of Cosmetology-Concord,Concord,CA,94520
6822,Milan Institute-Bakersfield,Bakersfield,CA,93301
6823,Homestead Schools,Torrance,CA,90505
6824,Carrington College-Las Vegas,Las Vegas,NV,89119
6825,Carrington College-Reno,Reno,NV,89511
6826,Chamberlain College of Nursing-Florida,Jacksonville,FL,32256
6827,Remington College-Columbia Campus,Columbia,SC,29210
6828,Remington College of Nursing Orlando,Lake Mary,FL,32746
6829,Washington Barber College Inc,Little Rock,AR,72209
6830,InterCoast Colleges-Elk Grove,Elk Grove,CA,95624
6831,Universal Barber College,Phoenix,AZ,85007
6832,Horizon University,San Diego,CA,92111
6833,San Diego Culinary Institute,San Diego,CA,91942
6834,Beyond 21st Century Beauty Academy,Santa Fe Springs,CA,90670
6835,Franklin Career College,Ontario,CA,91761
6836,Academy for Jewish Religion-California,Los Angeles,CA,90010
6837,Hollywood Beauty College,Stockton,CA,95210
6838,Angeles College,Los Angeles,CA,90010
6839,Angeles Institute,ARTESIA,CA,90701
6840,Paul Mitchell the School-Temecula,Temecula,CA,92591
6841,European Academy of Cosmetology and Hairdressing,Guilford,CT,6437
6842,International Institute of Cosmetology,Wethersfield,CT,6109
6843,Florida School of Traditional Midwifery,Gainesville,FL,32601
6844,Walton Career Development Center,DeFuniak Springs,FL,32433
6845,Immokalee Technical Center,Immokalee,FL,34142
6846,American Academy of Cosmetology,Orange Park,FL,32065
6847,University of Fort Lauderdale,Lauderhill,FL,33313
6848,Aviation Institute of Maintenance-Orlando,Casselberry,FL,32707
6849,The Salon Professional Academy-Tampa,Tampa,FL,33624
6850,The Salon Professional Academy-Gainesville,Gainesville,FL,32607
6851,The Salon Professional Academy-The Villages,The Villages,FL,32162
6852,The Hair Academy Inc,Dublin,GA,31021
6853,Profile Institute of Barber-Styling,Atlanta,GA,30315
6854,The Process Institute of Cosmetology,Lawrenceville,GA,30043
6855,New Hope Christian College-Honolulu,Honolulu,HI,96819
6856,D & L Academy of Hair Design,Twin Falls,ID,83301
6857,Master Educators Beauty School,Twin Falls,ID,83301
6858,Ambria College of Nursing,Hoffman Estates,IL,60192
6859,Midwestern Career College,Chicago,IL,60606
6860,Paul Mitchell the School-Normal,Normal,IL,61761
6861,Innovations Design Academy,Canton,IL,61520
6862,Aveda Fredric's Institute-Indianapolis,Indianapolis,IN,46250
6863,The Salon Professional Academy-Anderson,Anderson,IN,46013
6864,Eric Fisher Academy,Wichita,KS,67212
6865,A & W Healthcare Educators,New Orleans,LA,70126
6866,My Le's Beauty College,Gretna,LA,70056
6867,Blackstone Valley Vocational Regional School District,Upton,MA,1568
6868,Southern Worcester County Regional Voc School District,Charlton,MA,1507
6869,L'esprit Academy,Livonia,MI,48150
6870,Marketti Academy of Cosmetology,Waterford,MI,48329
6871,CenterPoint Massage and Shiatsu Therapy School and Clinic,St Louis Park,MN,55416
6872,Avalon School of Cosmetology,Worthington,MN,56187
6873,American Business and Technology University,St Joseph,MO,64506
6874,City Vision College,Kansas City,MO,64109
6875,Transformed Barber and Cosmetology Academy,Kansas City,MO,64137
6876,Bitterroot School of Cosmetology,Hamilton,MT,59840
6877,Atlanta Beauty & Barber Academy,Doraville,GA,30340
6878,The Salon Professional Academy-Great Falls,Great Falls,MT,59405
6879,Park West Barber School,Durham,NC,27701
6880,National Career Institute,East Orange,NJ,7018
6881,Toni & Guy Hairdressing Academy-Albuquerque,Albuquerque,NM,87110
6882,International Academy of Style,Reno,NV,89502
6883,EDP School of Computer Programming,Brooklyn,NY,11235
6884,New York Medical Career Training Center,Flushing,NY,11354
6885,Institute of Culinary Education,New York,NY,10010
6886,New Life Business Institute,Jamaica,NY,11432
6887,The Salon Professional Academy-Tonawanda,Tonawanda,NY,14150
6888,Onondaga School of Therapeutic Massage-Syracuse,Syracuse,NY,13210
6889,Academy of Cosmetology and Esthetics NYC,Staten Island,NY,10306
6890,Finger Lakes School of Massage,Ithaca,NY,14850
6891,Four County Career Center,Archbold,OH,43502
6892,Vanity School of Cosmetology,Sheffield Village,OH,44035
6893,Tolles Career and Technical Center,Plain City,OH,43064
6894,The Salon Professional Academy-Perrysburg,Perrysburg,OH,45551
6895,Portland Actors Conservatory,Portland,OR,97201
6896,Somerset County Technology Center,Somerset,PA,15501
6897,Metro Beauty Academy,Allentown,PA,18106
6898,Barone Beauty Academy,Williamsport,PA,17701
6899,Academy for Careers and Technology,Mullins,SC,29574
6900,Aiken School of Cosmetology,Aiken,SC,29801
6901,Love Beauty School Inc,Manchester,TN,37355
6902,Professional Career Training Institute,Houston,TX,77090
6903,Cannon Institute of Higher Learning,Dallas,TX,75247
6904,Cardiotech Ultrasound School,Houston,TX,77099
6905,DuVall's School of Cosmetology,Bedford,TX,76021
6906,Advanced Beauty College,Irving,TX,75038
6907,Texas Beauty College,Haltom City,TX,76117
6908,Avenue Five Institute,Austin,TX,78757
6909,Corpus Christi Beauty Academy,Corpus Christi,TX,78412
6910,The Salon Professional Academy-Lewisville,Lewisville,TX,75067
6911,Renaissance Academie,Provo,UT,84604
6912,Bethel College,Hampton,VA,23666
6913,Institute of Advanced Medical Esthetics,Richmond,VA,23294
6914,Gary Manuel Aveda Institute,Seattle,WA,98122
6915,Northwest School of Wooden Boat Building,Port Hadlock,WA,98339
6916,Bainbridge Graduate Institute,Seattle,WA,98104
6917,The Salon Professional Academy-Onalaska,Onalaska,WI,54650
6918,Regency Beauty Institute-North Tucson,Tucson,AZ,85705
6919,Kaplan College-Chula Vista,Chula Vista,CA,91910
6920,InterCoast Colleges-Roseville,Roseville,CA,92678
6921,West Coast University-Orange County,Anaheim,CA,92802
6922,West Coast University-Ontario,Ontario,CA,91761
6923,Kaplan College-Pembroke Pines,Pembroke Pines,FL,33026
6924,Dade Medical College-Homestead,Homestead,FL,33030
6925,Virginia College-Augusta,Augusta,GA,30909
6926,Midwest Technical Institute-East Peoria,East Peoria,IL,61611
6927,Paul Mitchell the School-Chicago,Chicago,IL,60607
6928,Kaplan College-Indianapolis,Indianapolis,IN,46227
6929,Regency Beauty Institute-Evansville,Evansville,IN,47715
6930,Regency Beauty Institute-Wichita,Wichita,KS,67207
6931,Regency Beauty Institute-Shreveport,Shreveport,LA,71105
6932,Regency Beauty Institute-Springfield,Springfield,MO,65804
6933,Regency Beauty Institute-Canton,Canton,OH,44720
6934,Regency Beauty Institute-Spartanburg,Spartanburg,SC,29301
6935,Regency Beauty Institute-Chattanooga,Chattanooga,TN,37421
6936,Regency Beauty Institute-Mesquite,Mesquite,TX,75150
6937,Kaplan Career Institute-Dearborn,Detroit,MI,48228
6938,Dorsey Business Schools-Waterford Pontiac,Pontiac,MI,48341
6939,Regina's College of Beauty-High Point,High Point,NC,27262
6940,Miller-Motte College-Fayetteville,Fayetteville,NC,28311
6941,Drake College of Business-Newark,Newark,NJ,7102
6942,European Massage Therapy School-Las Vegas,Las Vegas,NV,89117
6943,Harrison College-Grove City,Grove City,OH,43123
6944,Miller-Motte Technical College-Columbus,Columbus,GA,31907
6945,National University College-Ponce,Ponce,PR,716
6946,Fortis Institute-Grand Prairie,Grand Prairie,TX,75050
6947,Paul Mitchell the School-St George,Washington,UT,84780
6948,The Art Institute of Virginia Beach,Virginia Beach,VA,23462
6949,Bryant & Stratton College-Bayshore,Glendale,WI,53217
6950,Gerstner Sloan-Kettering Graduate School of Biomedical Sciences,New York,NY,10065
6951,Daymar College-Online,Louisville,KY,40245
6952,Virginia College-Columbia,Columbia,SC,29223
6953,Sanford-Brown College-Dearborn,Dearborn,MI,48126
6954,Sanford-Brown College-Grand Rapids,Grand Rapids,MI,49546
6955,Sanford-Brown College-Indianapolis,Indianapolis,IN,46268
6956,Sanford-Brown College-Hillside,Hillside,IL,60162
6957,Sanford-Brown College-Tinley Park,Tinley Park,IL,60487
6958,Sanford-Brown College-Phoenix,Phoenix,AZ,85021
6959,Sanford-Brown Institute-Orlando,Orlando,FL,32809
6960,Fortis College-Indianapolis,Indianapolis,IN,46268
6961,Kaplan College-Arlington,Arlington,TX,76010
6962,Kaplan College-Charlotte,Charlotte,NC,28212
6963,Kaplan College-Jacksonville,Jacksonville,FL,32216
6964,Globe University-Madison East,Madison,WI,53718
6965,Minnesota School of Business-Lakeville,Lakeville,MN,55044
6966,Globe University_Green Bay,Green Bay,WI,54311
6967,Globe University_Madison West,Middleton,WI,53562
6968,Globe University_Wausau,Rothschild,WI,54474
6969,Dade Medical College-Hollywood,Hollywood,FL,33024
6970,Empire Beauty School-E Memphis,Memphis,TN,38117
6971,Empire Beauty School-Nashville,Brentwood,TN,37027
6972,Empire Beauty School-Jackson,Jackson,TN,38301
6973,Empire Beauty School-Springfield,Springfield,PA,19064
6974,Empire Beauty School-Paramus,Paramus,NJ,7652
6975,Empire Beauty School-Speedway,Speedway,IN,46224
6976,Empire Beauty School-Morrow,Morrow,GA,30260
6977,Strayer University-Arkansas,Little Rock,AR,72211
6978,Strayer University-Georgia,Atlanta,GA,30341
6979,Strayer University-Louisiana,Metairie,LA,70005
6980,Strayer University-Mississippi,Jackson,MS,39206
6981,Strayer University-South Carolina,Greenville,SC,29607
6982,Strayer University-Texas,Austin,TX,78759
6983,The Art Institute of San Antonio,San Antonio,TX,78230
6984,Globe University-La Crosse,Onalaska,WI,54650
6985,The Hair Design School-S Memphis,Memphis,TN,38111
6986,The Hair Design School-Charlotte,Charlotte,NC,28213
6987,The Hair Design School-Durham,Durham,NC,27704
6988,The Hair Design School-E Greensboro,Greensboro,NC,27405
6989,The Hair Design School-Winston-Salem,Winston-Salem,NC,27106
6990,Empire Beauty School-West Palm,West Palm Beach,FL,33409
6991,Empire Beauty School-Pineville,Charlotte,NC,28226
6992,The Hair Design School-N Memphis,Memphis,TN,38128
6993,Broadview Entertainment Arts University,Salt Lake City,UT,84115
6994,Bryant & Stratton College-Hampton,Hampton,VA,23666
6995,Paul Mitchell the School-Phoenix,Phoenix,AZ,85017
6996,All Beauty College,Fort Mohave,AZ,86426
6997,Northern California Institute of Cosmetology Inc,San Leandro,CA,94577
6998,Golden State College of Court Reporting,Pleasanton,CA,94588
6999,Preferred College of Nursing-Los Angeles,Los Angeles,CA,90010
7000,Trinity Vocational Center,Gardena,CA,90248
7001,SICE Paul Mitchell Partner School,Modesto,CA,95350
7002,Cosmo Beauty Academy,Sacremanto,CA,95821
7003,Paul Mitchell the School-Fresno,Fresno,CA,93710
7004,Unitek College,Fremont,CA,94538
7005,Gurnick Academy of Medical Arts,San Mateo,CA,94403
7006,Southern California University SOMA,Los Angeles,CA,90017
7007,Paul Mitchell the School-East Bay,Pleasant Hill,CA,94523
7008,South University_Richmond,Glen Allen,VA,23060
7009,South University_Virginia Beach,Virginia Beach,VA,23452
7010,Aveda Institute-Denver,Denver,CO,80202
7011,Paul Mitchell the School-Colorado Springs,Colorado Springs,CO,80903
7012,The Salon Professional Academy-Colorado Springs,Colorado Springs,CO,80918
7013,Paul Mitchell the School-Delaware,Newark,DE,19702
7014,Future-Tech Institute,Miami,FL,33135
7015,Marchman Technical Education Center,New Port Richey,FL,34653
7016,Eureka Institute of Health and Beauty,Miami,FL,33174
7017,The Salon Professional Academy-Ft Myers,North Fort Myers,FL,33903
7018,SOLEX College,Wheeling,IL,60090
7019,Unity Cosmetology College,Pontiac,IL,61764
7020,Universal Spa Training Academy,Downers Grove,IL,60515
7021,The Salon Professional Academy-Evansville,Evansville,IN,47715
7022,Tri County Regional Vocational Technical High School,Franklin,MA,2038
7023,Compass College of Cinematic Arts,Grand Rapids,MI,49503
7024,Nova Academy of Cosmetology,Rochester,MN,55906
7025,Victory Trade School,Springfield,MO,65803
7026,Starting Points Inc,Jersey City,NJ,7306
7027,The Lab-Paul Mitchell Partner School,Ewing,NJ,8628
7028,SAE Institute of Technology-New York,New York,NY,10011
7029,John Paolo's Xtreme Beauty Institute-Goldwell Product Artistry,Latham,NY,12110
7030,The Artisan College of Cosmetology,Findlay,OH,45840
7031,Sage School of Massage,Bend,OR,97701
7032,Lawyer's Assistant School of Dallas,Dallas,TX,75206
7033,ABC Beauty Academy,Garland,TX,75042
7034,Salon & Spa Institute,Brownsville,TX,78521
7035,American Beauty Academy,Payson,UT,84651
7036,The Salon Professional Academy-Tacoma,Tacoma,WA,98409
7037,Academy of Cosmetology,Richland,WA,99354
7038,The Academy Waukesha,Waukesha,WI,53072
7039,ITT Technical Institute-Merrillville,Merrillville,IN,46410
7040,ITT Technical Institute-Tallahassee,Tallahassee,FL,32303
7041,ITT Technical Institute-Salem,Salem,VA,24153
7042,ITT Technical Institute-Akron,Akron,OH,44333
7043,ITT Technical Institute-Cedar Rapids,Cedar Rapids,IA,52404
7044,ITT Technical Institute-Corona,Corona,CA,92883
7045,ITT Technical Institute-Johnson City,Johnson City,TN,37615
7046,ITT Technical Institute-DeSoto,DeSoto,TX,75115
7047,ITT Technical Institute-North Charleston,North Charleston,SC,29406
7048,ITT Technical Institute-Aurora,Aurora,CO,80014
7049,ITT Technical Institute-West Covina,San Dimas,CA,91773
7050,ITT Technical Institute-Culver City,Culver City,CA,90230
7051,ITT Technical Institute-Dearborn,Dearborn,MI,48124
7052,ITT Technical Institute-Las Vegas,North Las Vegas,NV,89032
7053,Touro University Worldwide,Los Alamitos,CA,90720
7054,Touro University California,Vallejo,CA,94592
7055,The Chicago School of Professional Psychology at Washington DC,Washington,DC,20005
7056,Anamarc College-Santa Teresa,Santa Teresa,NM,88008
7057,Touro University Nevada,Henderson,NV,89014
7058,National College-Willoughby Hills,Willoughby Hills,OH,44092
7059,Herzing University-Kenosha,Kenosha,WI,53144
7060,Herzing University-Brookfield,Brookfield,WI,53005
7061,Heald College-Modesto,Salida,CA,95367
7062,Fortis Institute-Houston,Houston,TX,77060
7063,Southern Careers Institute-Brownsville,Brownsville,TX,78520
7064,Southern Careers Institute-Corpus Christi 2,Corpus Christi,TX,78410
7065,Southern Careers Institute-Harlingen,Harlingen,TX,78550
7066,Strayer University-Global Region,Washington,DC,20005
7067,Regina's College of Beauty-Charlotte,Charlotte,NC,28208
7068,Kenneth Shuler School of Cosmetology-Florence,Florence,SC,29501
7069,Fortis College-Columbia,Columbia,SC,29210
7070,Brown Mackie College-Albuquerque,Albuquerque,NM,87123
7071,Brown Mackie College-St Louis,Fenton,MO,63026
7072,Avant Gard The School,Avon,IN,46123
7073,Toni & Guy Hairdressing Academy-Bellingham,Bellingham,WA,98225
7074,California University of Management and Sciences,Anaheim,CA,92801
7075,Ross Medical Education Center-Davison,Davison,MI,48423
7076,Ross Medical Education Center-Granger,Granger,IN,46530
7077,Ross Medical Education Center-Niles,Niles,OH,44446
7078,Ross Medical Education Center-Canton,Canton,MI,48187
7079,Pima Medical Institute-Houston,Houston,TX,77024
7080,Illinois Center for Broadcasting_Chicago Campus,Chicago,IL,60605
7081,South Texas Vocational Technical Institute-San Antonio,San Antonio,TX,78216
7082,Concorde Career Institute-Dallas,Dallas,TX,75243
7083,Concorde Career Institute-Orlando,Orlando,FL,32803
7084,Concorde Career Institute-San Antonio,San Antonio,TX,78229
7085,Ecotech Institute,Aurora,CO,80012
7086,Johnson & Wales University-Online,Providence,RI,2903
7087,Everest College-Fort Worth South,Ft Worth,TX,76115
7088,Everest College-Santa Ana,Santa Ana,CA,92701
7089,Geisinger-Lewistown Hospital School of Nursing,Lewistown,PA,17044
7090,Moreno Valley College,Moreno Valley,CA,92551
7091,Hair Design Institute at Fifth Avenue-New York,New York,NY,10018
7092,Onondaga School of Therapeutic Massage-Rochester,Rochester,NY,14607
7093,Norco College,Norco,CA,92860
7094,Daymar College-Louisville,Louisville,KY,40245
7095,Dorsey Business Schools-Saginaw,Saginaw,MI,48603
7096,Milan Institute of Cosmetology-La Quinta,La Quinta,CA,92253
7097,Milan Institute-Nampa,Nampa,ID,83651
7098,Milan Institute of Cosmetology-El Paso,El Paso,TX,79925
7099,Universal Technical Institute - Dallas Fort Worth,Irving,TX,75063
7100,Finger Lakes School of Massage,Mt. Kisco,NY,10549
7101,Park Avenue School of Cosmetology,Park Rapids,MN,56470
7102,Salter School of Nursing and Allied Health,Manchester,NH,3103
7103,Salter School-New Bedford,New Bedford,MA,2745
7104,Harris School of Business-Upper Darby Campus,Upper Darby,PA,19082
7105,Stratford School of Aviation Maintenance Technicians,Stratford,CT,6615
7106,Brown Mackie College-San Antonio,San Antonio,TX,78229
7107,Hollywood Institute of Beauty Careers,Miami Beach,FL,33141
7108,Cortiva Institute-New Jersey,Wall,NJ,7719
7109,Cambridge Junior College-Woodland,Woodland,CA,95695
7110,Anthem College-Atlanta,Atlanta,GA,30324
7111,ICPR Junior College-Manati,Arecibo,PR,674
7112,Western Beauty Institute,Lancaster,CA,93536
7113,Ridley-Lowell Business & Technical Institute-Danbury,Danbury,CT,6810
7114,Artistic Nails and Beauty Academy-Lakeland,Lakeland,FL,33801
7115,Paul Mitchell the School-Murfreesboro,Murfreesboro,TN,37129
7116,Allied American University,Laguna Hills,CA,92653
7117,American Sentinel University,Aurora,CO,80014
7118,Tribeca Flashpoint Media Arts Academy,Chicago,IL,60602
7119,Hawaii Medical College,Honolulu,HI,96814
7120,Carolina College of Hair Design,Asheville,NC,28805
7121,Virginia College-Baton Rouge,Baton Rouge,LA,70815
7122,Remington College-Heathrow Campus,Heathrow,FL,33612
7123,College of Massage Therapy,Blackfoot,ID,83221
7124,Miller-Motte College-Jacksonville,Jacksonville,NC,28540
7125,Miller-Motte Technical College-Augusta,Augusta,GA,30907
7126,Miller-Motte Technical College-Conway,Conway,SC,29526
7127,Virginia College-Macon,Macon,GA,31206
7128,Virginia College-Spartanburg,Spartanburg,SC,29301
7129,Aveda Institute-Portland,Portland,OR,97209
7130,Chamberlain College of Nursing-Virginia,Arlington,VA,22202
7131,Stevens-Henager College-Boise,Boise,ID,83709
7132,The Salon Professional Academy-Cincinnati,Cincinnati,OH,45211
7133,Penrose Academy,Scottsdale,AZ,85254
7134,Virginia College-Richmond,Richmond,VA,23225
7135,Skin Institute,Saint Louis,MO,63126
7136,Northwest Institute of Literary Arts,Langley,WA,98260
7137,Body Therapy Institute,Siler City,NC,27344
7138,Beauty Academy of South Florida,Hialeah Gardens,FL,33016
7139,Ogle School Hair Skin Nails-North Dallas,Dallas,TX,75248
7140,The Salon Professional Academy-North Little Rock,North Little Rock,AR,72116
7141,The Salon Professional Academy-St Charles,St. Charles,MO,63301
7142,American Institute,Celebration,FL,34747
7143,Mildred Elley-New York Campus,New York,NY,10004
7144,National Paralegal College,Phoenix,AZ,85014
7145,Carolina College of Biblical Studies,Fayetteville,NC,28303
7146,Star Career Academy-Audubon,Audubon,PA,19403
7147,St Luke University,Pomona,CA,91767
7148,Northeast Technology Center-System Office,Pryor,OK,74362
7149,Allstate Hairstyling & Barber College,Cleveland,OH,44113
7150,Oxford Graduate School,Dayton,TN,37321
7151,Jung Tao School of Classical Chinese Medicine,Sugar Grove,NC,28679
7152,New York Film Academy,Universal City,CA,91608
7153,The Collective School Of Music,New York,NY,10011
7154,International College of Cosmetology,Oakland,CA,94601
7155,GP Institute of Cosmetology,St Louis,MO,63033
7156,Bella Capelli Academy,Monroeville,PA,15146
7157,Institute of Medical Careers,Pittsburgh,PA,15235
7158,Toni & Guy Hairdressing Academy-Modesto,Modesto,CA,95356
7159,Georgia Christian University,Atlanta,GA,30360
7160,Flagler Technical Institute,Palm Coast,FL,32137
7161,Galaxy Medical College,North Hollywood,CA,91606
7162,American Medical Sciences Center,Glendale,CA,91204
7163,Mandalyn Academy,American Fork,UT,84003
7164,Jose Maria Vargas University,Pembroke Pines,FL,33026
7165,Laird Institute of Spa Therapy,Manchester,NH,3102
7166,D A Dorsey Educational Center,Miami,FL,33147
7167,Keweenaw Bay Ojibwa Community College,Baraga,MI,49908
7168,Meridian Institute of Surgical Assisting,Nashville,TN,37218
7169,Mauna Loa Helicopters,Kailua Kona,HI,96740
7170,Acaydia School of Aesthetics,Provo,UT,84601
7171,Manhattan Institute,New York,NY,10016
7172,Cosmetic Arts Institute,Walterboro,SC,29488
7173,Holistic Massage Training Institute,Baltimore,MD,21218
7174,Diamonds Cosmetology College,Sherman,TX,75090
7175,Tramy Beauty School,San Diego,CA,92115
7176,Scholars Cosmetology University,Ann Arbor,MI,48108
7177,Northern Virginia School of Therapeutic Massage,Falls Church,VA,22046
7178,Paul Mitchell the School-St Louis,St. Louis,MO,63108
7179,Advanced Training Institute,Las Vegas,NV,89118
7180,Cosmopolitan Beauty and Tech School,Annandale,VA,22003
7181,The Salon Professional Academy-Elgin,Elgin,IL,60123
7182,CCIC Beauty College,Peoria,AZ,85345
7183,Salon 496 Barber Academy,Greenville,SC,29607
7184,Shepherds Theological Seminary,Cary,NC,27518
7185,Taylor Andrews Academy of Hair Design-West Jordan,West Jordan,UT,84088
7186,Santa Ana Beauty Academy,Santa Ana,CA,92705
7187,Grace College of Divinity,Fayetteville,NC,28314
7188,Cosmetology College of Franklin County,Saint Clair,MO,63077
7189,Rochester School of Hair Design,Rochester,MN,55901
7190,Aveda Institute-New Mexico,Albuquerque,NM,87104
7191,Nashville Barber and Style Academy,Madison,TN,37115
7192,American Trade School,Saint Ann,MO,63074
7193,Estelle Skin Care and Spa Institute,Skokie,IL,60077
7194,Paul Mitchell the School-Honolulu,Honolulu,HI,96816
7195,Elite Cosmetology School,Yucca Valley,CA,92284
7196,Academy of Aesthetic Arts,Shawnee,KS,66203
7197,American Technical Institute,Bayamon,PR,957
7198,Twin Rivers Adult School,North Highlands,CA,95660
7199,Bergin University of Canine Studies,Santa Rosa,CA,94928
7200,Aveda Institute-Boise,Boise,ID,83704
7201,Progressive Training Centers,Pompano Beach,FL,33060
7202,American Health Institute,Port Richey,FL,34654
7203,Pima Medical Institute-South Denver,Aurora,CO,80012
7204,Real Barbers College,Anaheim,CA,92805
7205,Capilo School of Hair Design,Augusta,ME,4330
7206,Pure Aesthetics,Tucson,AZ,85711
7207,Lindsey Institute of Cosmetology,Bowling Green,KY,42103
7208,The Salon Professional Academy-Iowa City,Iowa City,IA,52240
7209,Buckner Barber School,Dallas,TX,75217
7210,Simmons College of Kentucky,Louisville,KY,40203
7211,Atelier Esthetique Institute of Esthetics,New York,NY,10016
7212,Ashdown College of Health Sciences,Redlands,CA,92373
7213,Advanced College of Cosmetology,Waupun,WI,53963
7214,North American University,Houston,TX,77038
7215,Entourage Institute of Beauty and Esthetics,Lenexa,KS,66215
7216,United Beauty College,Denver,CO,80223
7217,Cinta Aveda Institute,San Francisco,CA,94108
7218,Long Island Nail & Skin Care Institute,Levittown,NY,11756
7219,Mesivta Keser Torah,Belmar,NJ,7719
7220,Southern California Health Institute,North Hollywood,CA,91601
7221,Best Care Training Institute,East Orange,NJ,7018
7222,First Class Cosmetology School,Beloit,WI,53511
7223,Millennia Atlantic University,Doral,FL,33178
7224,Abcott Institute,Southfield,MI,48075
7225,The Salon Professional Academy-Kenosha,Kenosha,WI,53142
7226,Paul Mitchell the School-Indianapolis,Indianapolis,IN,46227
7227,Taylor Andrews Academy-St George,St. George,UT,84790
7228,Seymour Beauty Academy,Seymour,MO,65746
7229,Protege Academy,East Lansing,MI,48823
7230,Colorado Academy of Veterinary Technology,Colorado Springs,CO,80906
7231,Northeast Technical Institute,Scarborough,ME,4074
7232,Salinas Beauty College Inc,Salinas,CA,93901
7233,Academy for Salon Professionals,Santa Clara,CA,95050
7234,Elite School of Cosmetology,Norwalk,OH,44857
7235,Paul Mitchell the School-Las Vegas,Las Vegas,NV,89123
7236,The Salon Professional Academy-Kokomo,Kokomo,IN,46901
7237,Hair Academy,Montgomery,AL,36111
7238,Florida Academy,Fort Myers,FL,33966
7239,Institute for Doctoral Studies in the Visual Arts,Portland,ME,4102
7240,State Career College,Waukegan,IL,60085
7241,Academy for Salon Professionals,Canoga Park,CA,91304
7242,Paul Mitchell The School-Spokane,Spokane Valley,WA,99037
7243,DeVry University's Keller Graduate School of Management-Maryland,Bethesda,MD,20814
7244,DeVry University's Keller Graduate School of Management-North Carolina,Charlotte,NC,28273
7245,DeVry University's Keller Graduate School of Management-Florida,Miramar,FL,33027
7246,DeVry College of New York's Keller Graduate School of Management,New York,NY,10016
7247,DeVry University's Keller Graduate School of Management-Indiana,Indianapolis,IN,46240
7248,DeVry University's Keller Graduate School of Management-Nevada,Henderson,NV,89074
7249,DeVry University's Keller Graduate School of Management-Colorado,Westminster,CO,80234
7250,DeVry University's Keller Graduate School of Management-Minnesota,Edina,MN,55435
7251,DeVry University's Keller Graduate School of Management-Oklahoma,Oklahoma City,OK,73116
7252,DeVry University's Keller Graduate School of Management-Utah,Sandy,UT,84070
7253,DeVry University's Keller Graduate School of Management-Tennessee,Memphis,TN,38119
7254,DeVry University's Keller Graduate School of Management-Michigan,Southfield,MI,48076
7255,DeVry University's Keller Graduate School of Management-Kentucky,Louisville,KY,40223
7256,DeVry University's Keller Graduate School of Management-New Jersey,North Brunswick,NJ,8902
7257,DeVry University's Keller Graduate School of Management-Oregon,Portland,OR,97225
7258,Lincoln College of New England-Hartford,Hartford,CT,6105
7259,Lincoln College of Technology-Columbus,Columbus,OH,43215
7260,Lincoln College of Technology-Cleveland,Cleveland,OH,44114
7261,Northwestern Institute of Health and Technology,Chicago,IL,60640
7262,J Renee Career Facilitation,Elgin,IL,60123
7263,National Personal Training Institute of Colorado,Lakewood,CO,80401
7264,National Personal Training Institute of Colorado,Colorado Springs,CO,80918
7265,International College of Beauty Arts & Sciences,Los Angeles,CA,90039
7266,The Salon Professional Academy-Shorewood,Shorewood,IL,60404
7267,John Paul the Great Catholic University,Escondido,CA,92025
7268,ITT Technical Institute-Durham,Durham,NC,27707
7269,ITT Technical Institute-Hanover,Hanover,MD,21076
7270,University of Phoenix-Jackson Campus,Flowood,MS,39232
7271,University of Phoenix-Delaware Campus,Wilmington,DE,19801
7272,Everest College-Milwaukee,Milwaukee,WI,53212
7273,Independence University,Salt Lake City,UT,84107
7274,National American University-Tulsa,Tulsa,OK,74133
7275,National American University-Centennial,Centennial,CO,80122
7276,National American University-Lee's Summit,Lee's Summit,MO,64081
7277,National American University-Colorado Springs South,Colorado Springs,CO,80915
7278,Globe University-Appleton,Grand Chute,WI,54914
7279,Salter College-Chicopee,Chicopee,MA,1020
7280,Chamberlain College of Nursing-Missouri,St. Louis,MO,63146
7281,Chamberlain College of Nursing-Texas,Houston,TX,77041
7282,ITT Technical Institute-Oakland,Oakland,CA,94621
7283,Continental School of Beauty Culture-Mattydale,Mattydale,NY,13211
7284,Everest College-Bedford Park,Bedford Park,IL,60629
7285,Fortis College-Akron,Akron,OH,44310
7286,Carrington College California-Pomona,Pomona,CA,91768
7287,Regency Beauty Institute-Copperwood,Houston,TX,77084
7288,Regency Beauty Institute-Little Rock,Little Rock,AR,72205
7289,Regency Beauty Institute-Baltimore Golden Ring,Baltimore,MD,21237
7290,Regency Beauty Institute-El Paso,El Paso,TX,79925
7291,Regency Beauty Institute-Jacksonville Regency,Jacksonville,FL,32225
7292,Regency Beauty Institute-Knoxville,Knoxville,TN,37919
7293,Regency Beauty Institute-Fayetteville,Fayetteville,AR,72703
7294,Regency Beauty Institute-Lansing,Lansing,MI,48912
7295,Regency Beauty Institute-Jacksonville Orange Park,Orange Park,FL,32073
7296,Regency Beauty Institute-Crystal Lake,Crystal Lake,IL,60014
7297,Regency Beauty Institute-Manassas,Manassas,VA,20109
7298,Regency Beauty Institute-Castleton,Indianapolis,IN,46250
7299,Regency Beauty Institute-North Nashville,Madison,TN,37115
7300,Regency Beauty Institute-Round Rock,Round Rock,TX,78681
7301,Regency Beauty Institute-Merrillville,Merrillville,IN,46410
7302,Regency Beauty Institute-Roanoke,Roanoke,VA,24012
7303,Regency Beauty Institute-Toledo,Holland,OH,43528
7304,Regency Beauty Institute-SW Houston,Houston,TX,77036
7305,Everest College-Atlanta West,Atlanta,GA,30331
7306,Broadview University-Boise,Meridian,ID,83642
7307,Advanced Institute of Hair Design-Madison,Madison,WI,53715
7308,Paul Mitchell The School-Columbia,Columbia,SC,29201
7309,Paul Mitchell The School-Charleston,North Charleston,SC,29418
7310,Everest College-Melrose Park,Melrose Park,IL,60160
7311,Kenneth Shuler School of Cosmetology-Greenville,Greenville,SC,29611
7312,South University-Accelerated Graduate Programs,Atlanta,GA,30328
7313,South University-The Art Institute of Fort Worth,Fort Worth,TX,76116
7314,South University-Novi,Novi,MI,48377
7315,Northwest College-Eugene,Eugene,OR,97401
7316,Northwest College-Tualatin,Tualatin,OR,97062
7317,Harrison College-Morrisville,Morrisville,NC,27560
7318,Trend Setters' Academy of Beauty Culture-Louisville,Louisville,KY,40219
7319,National University College-Caguas,Caguas,PR,725
7320,Beauty Schools of America,Miami Beach,FL,33139
7321,CET-Soledad,Soledad,CA,93960
7322,MarJon School of Beauty ltd-Lockport,Lockport,NY,14094
7323,Houston Training Schools-Southwest,Houston,TX,77074
7324,Vanguard College of Cosmetology-Metairie,Metairie,LA,70002
7325,New England Tractor Trailer Training School of Massachusetts,North Andover,MA,1845
7326,Heritage College-Columbus,Columbus,OH,43213
7327,Utah College of Massage Therapy-Vegas,Las Vegas,NV,89123
7328,Utah College of Massage Therapy-Tempe,Tempe,AZ,85282
7329,Utah College of Massage Therapy-Phoenix,Phoenix,AZ,85051
7330,Utah College of Massage Therapy-Westminster,Westminster,CO,80031
7331,Utah College of Massage Therapy-Aurora,Aurora,CO,80012
7332,Sanford-Brown College-Portland,Portland,OR,97205
7333,Tint School of Makeup and Cosmetology-Grand Prairie,Grand Prairie,TX,75051
7334,Dewey University-Yabucoa,Yabucoa,PR,767
7335,Dewey University-Hatillo,Hatillo,PR,659
7336,Dewey University-Manati,Manati,PR,674
7337,Sanford-Brown College-Skokie,Skokie,IL,60077
7338,Baltimore School of Massage-York,York,PA,17402
7339,Allen School-Phoenix,Phoenix,AZ,85053
7340,Oklahoma Technical College,Tulsa,OK,74145
7341,Midwest Technical Institute-Moline,Moline,IL,61265
7342,Star Career Academy-Clifton,Clifton,NJ,7011
7343,Unitech Training Academy-Alexandria,Alexandria,LA,71301
7344,Unitech Training Academy-Lake Charles,Lake Charles,LA,70601
7345,Aveda Institute-Los Angeles,Los Angeles,CA,90024
7346,Career Quest Learning Center-Kalamazoo,Kalamazoo,MI,49002
7347,Buchanan Beauty College,Tullahoma,TN,37388
7348,WellSpring School of Allied Health-Lawrence,Lawrence,KS,66045
7349,The Art Institute of Wisconsin,Milwaukee,WI,53202
7350,Brown Mackie College-Birmingham,Birmingham,AL,35209
7351,Regina's College of Beauty,Augusta,GA,30906
7352,New York Film Academy,Universal City,CA,91608
7353,Manuel and Theresa's School of Hair Design-Victoria,Victoria,TX,77902
7354,Coast Career Institute,Colton,CA,92324
7355,Tricoci University of Beauty Culture-Chicago NE,Chicago,IL,60626
7356,ITT Technical Institute-Bradenton,Bradenton,FL,34201
7357,ITT Technical Institute-Phoenix West,Phoenix,AZ,85037
7358,ITT Technical Institute-Brooklyn Center,Brooklyn Center,MN,55430
7359,ITT Technical Institute-Orlando,Orlando,FL,32819
7360,ITT Technical Institute-Waco,Waco,TX,76706
7361,ITT Technical Institute-Myrtle Beach,Myrtle Beach,SC,29572
7362,University of Phoenix-Knoxville Campus,Knoxville,TN,37932
7363,Azusa Pacific Online University,Glendora,CA,91740
7364,Minneapolis Media Institute,Edina,MN,55435
7365,College America-Phoenix,Phoenix,AZ,85051
7366,CollegeAmerica-Stevens Henager College,Idaho Falls,ID,83402
7367,Avalon School of Cosmetology-Phoenix,Phoenix,AZ,85022
7368,Avalon School of Cosmetology-Layton,Layton,UT,84041
7369,Hair Design Institute,Boynton Beach,FL,33435
7370,Hair Design Institute,Apopka,FL,32703
7371,University of Phoenix-Baton Rouge Campus,Baton Rouge,LA,70808
7372,University of Phoenix-Lafayette Campus,Lafayette,LA,70508
7373,University of Phoenix-Shreveport-Bossier Campus,Bossier City,LA,71111
7374,All-State Career School-Allied Health Campus,Essington,PA,19029
7375,Aveda Institute-Des Moines,West Des Moines,IA,50266
7376,Fortis Institute-Lawrenceville,Lawrenceville,NJ,8648
7377,Relay Graduate School of Education,New York,NY,10011
7378,Brown Mackie College-Oklahoma City,Oklahoma City,OK,73132
7379,Sanford-Brown College-Austin,Austin,TX,78753
7380,Miller-Motte Technical College-Macon,Macon,GA,31210
7381,Miller-Motte Technical College-Gulfport,Gulfport,MS,39503
7382,International Academy of Medical Reflexology,Allentown,PA,18109
7383,International Culinary Center-California,Campbell,CA,95008
7384,South University_Savannah Online,Savannah,GA,31406
7385,Fortis College-Montgomery,Montgomery,AL,36117
7386,San Joaquin Valley College-Temecula,Temecula,CA,92590
7387,Rio Grande Bible Institute,Edinburg,TX,78539
7388,Miller-Motte Technical College-Roanoke,Roanoke,VA,24018
7389,Whitworth University-Adult Degree Programs,Spokane,WA,99251
7390,The Santa Barbara and Ventura Colleges of Law_Santa Barbara,Santa Barbara,CA,93101
7391,The University of America,Murrieta,CA,92563
7392,Kaplan College-Chesapeake,Chesapeake,VA,23320
7393,American Broadcasting School-Online Program,Oklahoma City,OK,73115
7394,Springfield College-School of Human Services,Springfield,MA,1109
7395,Marian Health Careers Center-Van Nuys Campus,Van Nuys,CA,91411
7396,Brown College-Brooklyn Center,Brooklyn Center,MN,55430
7397,Milan Institute-Las Vegas,Las Vegas,NV,89106
7398,Williamson Free School of Mechanical Trades,Media,PA,19063
7399,Virginia College-Savannah,Savannah,GA,31419
7400,Virginia College-Columbus,Columbus,GA,31904
7401,Donna's Academy of Hair Design,Smithville,MO,64089
7402,New York School of Esthetics & Day Spa,Tarrytown,NY,10591
7403,Panache Academy of Beauty,Baraboo,WI,53913
7404,Finger Lakes Health College of Nursing,Geneva,NY,14456
7405,ASI Career Institute,Turnersville,NJ,8012
7406,Chicago School for Piano Technology,Chicago,IL,60612
7407,Midwest Technical Institute-Ridgeland,Ridgeland,MS,39157
7408,Christine Valmy International School of Esthetics & Cosmetology,Pine Brook,NJ,7058
7409,City College-Hollywood,Hollywood,FL,33024
7410,Paul Mitchell the School-Arlington,Arlington,TX,76018
7411,Rocky Mountain University of Health Professions,Provo,UT,84606
7412,MediaTech Institute-Oceanside,Oceanside,CA,92054
7413,Christie's Education,New York,NY,10036
7414,Prince Institute-Great Lakes,Schaumburg,IL,60173
7415,Palmetto Beauty School,Spartanburg,SC,29307
7416,Paul Mitchell the School-Fort Myers,Fort Myers,FL,33913
7417,Paul Mitchell The School-Raleigh,Raleigh,NC,27612
7418,Stella and Charles Guttman Community College,New York,NY,10018
7419,Lil Lou's Barber College,Gary,IN,46409
7420,Bryan University,Columbia,MO,65201
7421,Virginia College-Tulsa,Tulsa,OK,74105
7422,Criswell College,Dallas,TX,75246
7423,Virginia College-Knoxville,Knoxville,TN,37918
7424,Columbia Academy of Cosmetology,West Columbia,SC,29169
7425,Academy of Couture Art,Beverly Hills,CA,90211
7426,Global Institute,Caguas,PR,725
7427,Shear Learning Academy of Cosmetology,Decatur,IL,62523
7428,University of Cosmetology Arts & Sciences-La Joya,La Joya,TX,78560
7429,Preferred College of Nursing-Van Nuys,Van Nuys,CA,91401
7430,Bryant & Stratton College-Akron,Copley,OH,44321
7431,Annenberg School of Nursing,Reseda,CA,91335
7432,American Medical Academy,Miami,FL,33186
7433,Tooele Applied Technology College,Tooele,UT,84074
7434,Chamberlain College of Nursing-Georgia,Atlanta,GA,30342
7435,Chamberlain College of Nursing-Indiana,Indianapolis,IN,46240
7436,Carrington College-Mesquite,Mesquite,TX,75150
7437,Universidad Internacional Iberoamericana,Arecibo,PR,613
7438,Sessions College for Professional Design,Tempe,AZ,85281
7439,Southeastern Technical Careers Institute Inc,West Palm Beach,FL,33405
7440,Virginia College-Shreveport Bossier City,Bossier City,LA,71111
7441,Strayer University-Wisconsin,Milwaukee,WI,53214
7442,Strayer University-Indiana,Indianapolis,IN,46240
7443,Tulsa Welding School-Jacksonville,Jacksonville,FL,32216
7444,Herzing University,Madison,WI,53719
7445,Regency Beauty Institute-Hoover,Hoover,AL,35244
7446,Regency Beauty Institute-San Antonio,San Antonio,TX,78216
7447,Regency Beauty Institute-Carrollwood,Tampa,FL,33609
7448,Regency Beauty Institute-Clearwater,Clearwater,FL,33763
7449,Regency Beauty Institute-Newport News,Newport News,VA,23609
7450,Regency Beauty Institute-Lewisville,Lewisville,TX,75067
7451,Regency Beauty Institute-Dallas,Dallas,TX,75244
7452,Regency Beauty Institute-Plano,Plano,TX,75075
7453,Empire Beauty School-Virginia Beach,Virginia Beach,VA,23462
7454,Sanford-Brown College-Columbus,Columbus,OH,43231
7455,Ross Medical Education Center-Morgantown,Morgantown,WV,26505
7456,Paul Mitchell the School-Ogden,Ogden,UT,84401
7457,CollegeAmerica-Colorado Springs South,Colorado Springs,CO,80906
7458,Everest Institute-Bensalem,Bensalem,PA,19020
7459,Golf Academy of America-Farmers Branch,Farmers Branch,TX,75234
7460,Utah College of Massage Therapy-Dallas,Richardson,TX,75801
7461,Miami Ad School-New York,Brooklyn,NY,11201
7462,Lacy Cosmetology School-West Ashley,Charleston,SC,29407
7463,Dade Medical College-West Palm Beach,West Palm Beach,FL,33415
7464,Dade Medical College-Jacksonville,Jacksonville,FL,32225
7465,WestMed College,San Jose,CA,95128
7466,Larry's Barber College,Chicago,IL,60628
7467,Futura Career Institute,Hialeah,FL,33012
7468,Access Careers,Brooklyn,NY,11201
7469,Flair Beauty College,Canyon Country,CA,91351
7470,Eternity Cosmetology School,West Palm Beach,FL,33415
7471,Tri-State Institute of Hair Design,London,KY,40744
7472,Vogue College of Cosmetology-San Antonio Fredericksburg,San Antonio,TX,78201
7473,Vogue College of Cosmetology,San Antonio,TX,78238
7474,Tomorrow's Image Barber Academy of Virginia,Newport News,VA,23602
7475,Excel Learning Center,El Paso,TX,79907
7476,College of International Esthetics Inc,Arvada,CO,80002
7477,Medical Allied Career Center,Santa Fe Springs,CA,90670
7478,Bais HaMedrash and Mesivta of Baltimore,Baltimore,MD,21209
7479,Long Island Barber Institute,Hempstead,NY,11550
7480,Toni & Guy Hairdressing Academy-Toledo,Toledo,OH,43615
7481,American Institute of Medical Sonography,Las Vegas,NV,89146
7482,Destination Academy for Spa and Salon Professionals,Las Vegas,NV,89147
7483,Classic Cooking Academy,Scottsdale,AZ,85255
7484,School of Court Reporting,Mount Laurel,NJ,80541
7485,Curve Metric School of Hair Design,Elmwood Park,IL,60707
7486,Athena Career Academy,Toledo,OH,43615
7487,Yeshiva Gedolah Zichron Leyma,Linden,NJ,7036
7488,The Barber School,Midvale,UT,84047
7489,Be'er Yaakov Talmudic Seminary,Spring Valley,NY,10977
7490,RGV Careers,Pharr,TX,78577
7491,Alexander Academy,Fitchburg,MA,1420
7492,LeMelange Academy of Hair,Napa,CA,94558
7493,Aveda Institute-Tucson,Tucson,AZ,85719
7494,Velvet Touch Academy of Cosmetology,Nampa,ID,83687
7495,Ambiance Beauty & Barber Academy Inc,Melbourne,FL,32935
7496,Diamond Beauty College,El Monte,CA,91733
7497,NCP College of Nursing-South San Francisco,South San Francisco,CA,94080
7498,University Academy of Hair Design,Northport,AL,35476
7499,Florida Institute of Recording Sound and Technology,Orlando,FL,32804
7500,New Dimensions Beauty Academy Inc,Parker,CO,80138
7501,Jolei's Hair Institute,Olanta,SC,29114
7502,Paul Mitchell the School-Reno,Reno,NV,89501
7503,Boise Barber College,Boise,ID,83704
7504,Austin Kade Academy,Idaho Falls,ID,83404
7505,Aesthetic Science Institute,Latham,NY,12110
7506,Elaine Sterling Institute,Sandy Springs,GA,30342
7507,Wade Gordon Hairdressing Academy,Amarillo,TX,79121
7508,Mitsu Sato Hair Academy,Overland Park,KS,66212
7509,SAE Institute of Technology-Los Angeles,Los Angeles,CA,90028
7510,Florida Vocational Institute,Miami,FL,33155
7511,SAE Institute of Technology-Atlanta,Atlanta,GA,30303
7512,Academy di Firenze,Jerome,ID,83338
7513,SAE Institute of Technology-Miami,North Miami Beach,FL,33160
7514,Colorado State University-Global Campus,Greenwood Village,CO,80111
7515,Paul Mitchell the School-Overland Park,Overland Park,KS,66212
7516,Medspa Academies,South Jordan,UT,84095
7517,Brighton Institute of Cosmetology,Brighton,MI,48116
7518,Strayer University-Minnesota,St. Louis Park,MN,55426
7519,Strayer University-Illinois,Chicago,IL,60606
7520,West Coast University-Dallas,Dallas,TX,75247
7521,Stevens-Henager College-St George,St. George,UT,84790
7522,National American University-Bellevue,Bellevue,NE,68123
7523,National American University-Burnsville,Burnsville,MN,55337
7524,National American University-Mesquite,Mesquite,TX,75150
7525,Empire Beauty School-Savannah,Savannah,GA,31406
7526,Ogle School Hair Skin Nails-Denton,Denton,TX,76205
7527,Empire Beauty School-West Greensboro,Greensboro,NC,27407
7528,California College San Diego,National City,CA,91950
7529,California College San Diego,San Marcos,CA,92069
7530,Old Town Barber College-Topeka,Topeka,KS,66601
7531,Jolie Hair and Beauty Academy-Northfield,Northfield,NJ,8225
7532,Hays Academy of Hair Design,Salina,KS,67401
7533,Bellus Academy,Manhattan,KS,66502
7534,Cortiva Institute-Seattle,Federal Way,WA,98003
7535,MotoRing Technical Training Institute,East Providence,RI,2914
7536,Leon Studio One School of Hair Design & Career Training Center,North Tonawanda,NY,14120
7537,Columbia College,Centreville,VA,20121
7538,NCP College of Nursing-Hayward,Hayward,CA,94541
7539,ITT Technical Institute-Philadelphia,Philadelphia,PA,19106
7540,ITT Technical Institute-Marlton,Marlton,NJ,8053
7541,ITT Technical Institute-Germantown,Greenfield,WI,53220
7542,ITT Technical Institute-Grand Rapids,Wyoming,MI,49519
7543,ITT Technical Institute-Southfield,Southfield,MI,48076
7544,ITT Technical Institute-West Palm Beach,West Palm Beach,FL,33409
7545,ITT Technical Institute-Salem,Salem,OR,97306
7546,ITT Technical Institute-Deerfield Beach,Fort Lauderdale,FL,33328
7547,ITT Technical Institute-Indianapolis East,Indianapolis,IN,46219
7548,ITT Technical Institute-Douglasville,Douglasville,GA,30135
7549,ITT Technical Institute-Overland Park,Overland Park,KS,66213
7550,ITT Technical Institute-Springfield,Springfield,IL,62704
7551,ITT Technical Institute-West Chester,Norwood,OH,45212
7552,University of Phoenix-McAllen Campus,Mission,TX,78572
7553,Pennsylvania State University-World Campus,University Park,PA,16802
7554,Medical Career Institute,Ocean,NJ,7712
7555,Advance Beauty Techs Academy,San Jacinto,CA,92583
7556,Longs Peak Academy,Longmont,CO,80501
7557,Brand College,Glendale,CA,91203
7558,Hinton Barber College,Vallejo,CA,94590
7559,Advanced Career Institute,Visalia,CA,93291
7560,Digital Film Academy,New York,NY,10036
7561,MyComputerCareer.com-Raleigh,Raleigh,NC,27606
7562,Kaplan University-Augusta Campus,Augusta,ME,4330
7563,South University-Austin,Austin,TX,78729
7564,South University-Cleveland,Cleveland,OH,44128
7565,Bryant & Stratton College-Online,Orchard Park,NY,14127
7566,Virginia College-Florence,Florence,SC,29501
7567,Ogle School Hair Skin Nails-San Antonio,San Antonio,TX,78216
7568,Elizabethtown College School of Continuing and Professional Studies,Elizabethtown,PA,17022
7569,Fortis College-Cutler Bay,Cutler Bay,FL,33157
7570,Anamarc College-El Paso East,El Paso,TX,79936
7571,Ideal Beauty Academy,Louisville,KY,40223
7572,Minnesota School of Cosmetology-Plymouth Campus,Plymouth,MN,55447
7573,Mercyhurst University-North East Campus,North East,PA,16428
7574,Warner Pacific College Adult Degree Program,Portland,OR,97266
7575,Platt College-Riverside,Riverside,CA,92507
7576,Savannah Law School,Savannah,GA,31401
7577,Empire Beauty School-Glen Burnie,Glen Burnie,MD,21061
7578,Everest College-Woodbridge,Woodbridge,VA,22192
7579,Everest College-Kansas City,Kansas City,MO,64114
7580,International School of Cosmetology-Toni & Guy Hairdressing Academy,Scottsdale,AZ,85250
7581,InterCoast Career Institute-Salem,Salem,NH,3079
7582,International Sports Sciences Association,Carpinteria,CA,93013
7583,Abraham Lincoln University,Los Angeles,CA,90010
7584,National College-Canton,Canton,OH,44718
7585,Shiloh University,Kalona,IA,52247
7586,Court Reporting Institute of Arlington,Arlington,VA,22203
7587,Vatterott College-Fairview Heights,Fairview Heights,IL,62208
7588,Ross Medical Education Center-Dayton,Dayton,OH,45424
7589,Ross Medical Education Center-Ontario,Ontario,OH,44906
7590,Ross Medical Education Center-Bowling Green,Bowling Green,KY,42104
7591,Florida Institute of Technology-Online,Melbourne,FL,32901
7592,Rasmussen College-Kansas,Topeka,KS,66606
7593,NewCourtland Education Center,Philadelphia,PA,19119
7594,Columbia Institute,Silver Spring,MD,20906
7595,Wadsworth Center-NY State Dept of Health,Albany,NY,12208
7596,EMS Training Institute,Simi Valley,CA,93065
7597,School of Missionary Aviation Technology,Ionia,MI,48846
7598,Ace Cosmetology and Barber Training Center,Wolcott,CT,6716
7599,Salt Lake Baptist College,Taylorsville,UT,84129
7600,Manthano Christian College,Westland,MI,48185
7601,California Miramar University,San Diego,CA,92126
7602,Rocky Vista University,Parker,CO,80134
7603,Virginia College-Greensboro,Greensboro,NC,27406
7604,The College of Health Care Professions-Dallas,Dallas,TX,75243
7605,The College of Health Care Professions-Fort Worth,Fort Worth,TX,76137
7606,Shear Finesse Hairstyling Academy,Jacksonville,FL,32208
7607,Redstone College-Denver East,Denver,CO,80221
7608,Academy of Salon Professionals,Sedalia,MO,65301
7609,CyberTex Institute of Technology,Austin,TX,78752
7610,UEI College-Santa Cruz,Santa Cruz,CA,95065
7611,New England Tractor Trailer Training School of CT-Bridgeport,Bridgeport,CT,6068
7612,Gemini School of Visual Arts & Communication,Cedar Park,TX,78613
7613,Paul Mitchell the School-Woodbridge,Woodbridge,VA,22192
7614,College of the Muscogee Nation,Okmulgee,OK,74447
7615,The Salon Professional Academy-Huntsville,Huntsville,AL,35816
7616,Midwives College of Utah,Salt Lake City,UT,84106
7617,Aspen Beauty Academy of Laurel,Laurel,MD,20724
7618,M T Training Center,Grand Prairie,TX,75150
7619,Berks Career & Technology Center,Leesport,PA,19533
7620,Future Generations Graduate School,Franklin,WV,26807
7621,Carthage R9 School District-Carthage Technical Center,Carthage,MO,64836
7622,Grace Mission University,Fullerton,CA,92833
7623,World A Cuts Barber Institute,York,PA,17401
7624,Photographic Center Northwest,Seattle,WA,98122
7625,PCCTI IT and Healthcare,Oak Brook,IL,60523
7626,Sotheby's Institute of Art-NY,New York,NY,10022
7627,Top Nails & Hair Beauty School,Taylorsville,UT,84118
7628,Radians College,Washington,DC,20005
7629,Santa Ana Beauty College,Santa Ana,CA,92706
7630,Shepherds College,Union Grove,WI,53182
7631,Woodruff Medical Training and Testing,Decatur,GA,30033
7632,Helms College,Macon,GA,31206
7633,American Academy of Personal Training,New York,NY,10011
7634,Technology Center,Norcross,GA,30071
7635,Ukiah Adult School,Ukiah,CA,95482
7636,Riverside County Office of Education,Riverside,CA,92503
7637,Institute of Health Sciences,Hunt Valley,MD,21031
7638,Mid-America Baptist Theological Seminary,Cordova,TN,38016
7639,Mid-South Christian College,Memphis,TN,38118
7640,Advanced Computing Institute,Los Angeles,CA,90010
7641,New York Institute of Beauty,Islandia,NY,11749
7642,Ultrasound Medical Institute,Royal Palm Beach,FL,33411
7643,Beautiful You School of Nail Technology,Cedar City,UT,84720
7644,Harmon's Beauty School,Landover,MD,20785
7645,Xavier College School of Nursing,Stockton,CA,95202
7646,Lawrence & Company College of Cosmetology,Hanford,CA,93230
7647,Cactus Academy,Garden City,NY,11530
7648,Kaizen Beauty Academy,Pembroke Pines,FL,33024
7649,Southern Texas Careers Academy,McAllen,TX,78504
7650,Sharp Edgez Barber Institute,Rochester,NY,14620
7651,Salon Professional Academy,Nashville,TN,37214
7652,Cosmotech School of Cosmetology,Westbrook,ME,4092
7653,Prestige Health & Beauty Sciences Academy,North Miami Beach,FL,33160
7654,Grace College of Barbering,Greenville,NC,27834
7655,California Career Institute,Garden Grove,CA,92840
7656,Cosmo Factory Cosmetology Academy,Santa Cruz,CA,95060
7657,Grace School of Theology,Conroe,TX,77384
7658,Yeshiva Gedolah Kesser Torah,Monsey,NY,10952
7659,Universal Training Institute,Perth Amboy,NJ,8861
7660,Yeshiva Yesodei Hatorah,Lakewood,NJ,8701
7661,Rizzieri Institute,Voorhees,NJ,8043
7662,Bonnie Joseph Academy of Cosmetology and Barbering,Heber City,UT,84032
7663,Healthcare Training Institute,Kenner,LA,70062
7664,W Academy of Salon and Spa,Danville,CA,94526
7665,Boca Beauty Academy,Boca Raton,FL,33434
7666,United Medical and Business Institute,East Point,GA,30344
7667,Paul Mitchell the School-Jersey Shore,Brick,NJ,8723
7668,City Pointe Beauty Academy,Webb City,MO,64870
7669,Chrysm Institute of Esthetics,Virginia Beach,VA,23462
7670,Sanford-Burnham Medical Research Institute,La Jolla,CA,92037
7671,National Personal Training Institute of Columbus,Columbus,OH,43235
7672,Bly's School of Cosmetology,Gainesville,FL,32601
7673,Toni & Guy Hairdressing Academy-Manteca,Manteca,CA,95337
7674,Belle Academy of Cosmetology,Waterbury,CT,6704
7675,Strayer University-Missouri,Kansas City,MO,64131
7676,Dorsey Business Schools-Lansing,Lansing,MI,48911
7677,ITT Technical Institute-Pensacola,Pensacola,FL,32504
7678,ITT Technical Institute-San Antonio East,San Antonio,TX,78218
7679,MedTech Institute-Orlando Campus,Orlando,FL,32826
7680,Tulsa Welding School-Tulsa,Tulsa,OK,74104
7681,Empire Beauty School-Augusta,Augusta,GA,30907
7682,South University-High Point,High Point,NC,27265
7683,Empire Beauty School-Vernon Hills,Vernon Hills,IL,60061
7684,Empire Beauty School-Stone Park,Stone Park,IL,60165
7685,Court Reporting Institute of St Louis,Clayton,MO,63105
7686,San Joaquin Valley College-Lancaster,Lancaster,CA,93534
7687,San Joaquin Valley College-San Diego,Chula Vista,CA,91910
7688,Ohio Business College-Dayton,Dayton,OH,45417
7689,Empire Beauty School-Rochester,Rochester,NY,14626
7690,American Career College-Long Beach,Long Beach,CA,90802
7691,Ross Medical Education Center-Kokomo,Kokomo,IN,46902
7692,Ross Medical Education Center-Erlanger,Erlanger,KY,41018
7693,Ross Medical Education Center-Charleston,Charleston,WV,25304
7694,L'Ecole Culinaire-Kansas City,Kansas City,MO,64112
7695,Utah College of Massage Therapy-Houston,Houston,TX,77040
7696,InterCoast Colleges-Fairfield,Fairfield,CA,94533
7697,Vatterott College-ex'treme Institute by Nelly-St Louis,St. Louis,MO,63102
7698,Personal Fitness & Nutrition Center,Olivette,MO,63132
7699,Southern Careers Institute-San Antonio,San Antonio,TX,78238
7700,College of Business and Technology-Miami Gardens,Miami Gardens,FL,33014
7701,Milan Institute of Cosmetology-Nampa,Nampa,ID,83651
7702,Milan Institute-Merced,Merced,CA,95340
7703,Midwest Technical Institute-Springfield,Springfield,MO,65804
7704,Finger Lakes School of Massage,Frederick,MD,21701
7705,Georgia Regents University,Augusta,GA,30912
7706,Middle Georgia State College,Macon,GA,31206
7707,Trenz Beauty Academy,Calumet,IL,60409
7708,Paul Mitchell the School-Denver,Lakewood,CO,80226
7709,Academy of Interactive Entertainment,Seattle,WA,98109
7710,Arrojo Cosmetology School,New York,NY,10014
7711,Cosmetology Academy of Texarkana,Texarkana,TX,75503
7712,Virginia Baptist College,Fredericksburg,VA,22407
7713,Lynnes Welding Training,Fargo,ND,58102
7714,Aviation Institute of Maintenance-Las Vegas,Las Vegas,NV,89119
7715,Tulsa Technology Center-Owasso Campus,Owasso,OK,74055
7716,Tulsa Technology Center-Sand Springs Campus,Sand Springs,OK,74063
7717,National American University-Austin South,Austin,TX,78745
7718,National American University-Lewisville,Lewisville,TX,75067
7719,National American University-Georgetown,Georgetown,TX,78628
7720,National American University-Richardson,Richardson,TX,75080
7721,National American University-Rochester,Rochester,MN,55901
7722,National American University-Weldon Spring,Weldon Spring,MO,63304
7723,National American University-Wichita West,Wichita,KS,67212
7724,National American University-Indianapolis,Indianapolis,IN,46268
7725,National American University-Tigard,Tigard,OR,97223
7726,The Art Institute of St Louis,St Charles,MO,63303
7727,DeVry College of New York,New York,NY,10016
7728,DeVry University-Arizona,Phoenix,AZ,85021
7729,DeVry University-California,Pomona,CA,91768
7730,DeVry University-Colorado,Westminster,CO,80234
7731,DeVry University-Florida,Miramar,FL,33027
7732,DeVry University-Georgia,Decatur,GA,30030
7733,DeVry University-Illinois,Chicago,IL,60618
7734,DeVry University-Indiana,Indianapolis,IN,46240
7735,DeVry University-Kentucky,Louisville,KY,40223
7736,DeVry University-Maryland,Bethesda,MD,20814
7737,DeVry University-Michigan,Southfield,MI,48076
7738,DeVry University-Minnesota,Edina,MN,55435
7739,DeVry University-Missouri,Kansas City,MO,64131
7740,DeVry University-Nevada,Henderson,NV,89074
7741,DeVry University-New Jersey,North Brunswick,NJ,8902
7742,DeVry University-North Carolina,Charlotte,NC,28273
7743,DeVry University-Ohio,Columbus,OH,43209
7744,DeVry University-Oklahoma,Oklahoma City,OK,73116
7745,DeVry University-Oregon,Portland,OR,97225
7746,DeVry University-Pennsylvania,Fort Washington,PA,19034
7747,DeVry University-Tennessee,Memphis,TN,38119
7748,DeVry University-Texas,Irving,TX,75063
7749,DeVry University-Utah,Sandy,UT,84070
7750,DeVry University-Virginia,Arlington,VA,22202
7751,DeVry University-Washington,Federal Way,WA,98001
7752,DeVry University-Wisconsin,Milwaukee,WI,53202
7753,University of North Georgia,Dahlonega,GA,30597
7754,South Georgia State College,Douglas,GA,31533
7755,Northeastern University Global Network,Boston,MA,2115
7756,Georgia Military College-Distance Learning Campuses,Milledgeville,GA,31061
7757,Florida Polytechnic University,Lakeland,FL,33805
7758,Brown Mackie College-Dallas,Bedford,TX,76021
7759,American Institute-Toms River,Toms River,NJ,8755
7760,Texas Covenant Education,San Antonio,TX,78201
7761,Arizona College-Mesa,Mesa,AZ,85201
7762,American College of Healthcare,Huntington Park,CA,90255
7763,Antioch College,Yellow Springs,OH,45387
7764,Texas A & M University-Central Texas,Killeen,TX,76549
7765,Central Georgia Technical College,Warner Robins,GA,31088
7766,Barber School of Pittsburgh,Pittsburgh,PA,15220
7767,EDMC Central Administrative Office,Pittsburgh,PA,15222
7768,The Salon Professional Academy-South Plainfield,South Plainfield,NJ,7080
7769,Arizona State University-Skysong,Scottsdale,AZ,85257
7770,Louisiana Delta Community College,Monroe,LA,71203