FID,NAME,POP_2010,STATE
34230,Arivaca Junction,1090,AZ
34231,Tierras Nuevas Poniente,3228,PR
34232,Penelope,198,TX
34233,Na'alehu,866,HI
34234,Aceitunas,1436,PR
34235,Bartolo,1311,PR
34236,Bynum,199,TX
34237,Charco,52,AZ
34238,Sabana Hoyos,1783,PR
34239,Pa'auilo,595,HI
34240,Monte Grande,2800,PR
34241,Hato Candal,2055,PR
34242,Carl's Corner,173,TX
34243,Chiawuli Tak,78,AZ
34244,Pole Ojea,1695,PR
34245,Animas,1203,PR
34246,Pahala,1356,HI
34247,La Dolores,3081,PR
34248,Whitney,2087,TX
34249,Puerto Real,5983,PR
34250,Pahoa,945,HI
34251,Naguabo,4443,PR
34252,Comobabi,8,AZ
34253,Arecibo,44191,PR
34254,Wells,790,TX
34255,Bajadero,3710,PR
34256,Cowlic,135,AZ
34257,Betances,876,PR
34258,La Alianza,1947,PR
34259,Papa'ikou,1314,HI
34260,Gu Oidak,188,AZ
34261,Pe_a Pobre,991,PR
34262,Miranda,1804,PR
34263,Haivana Nakya,96,AZ
34264,Santa Anna,1099,TX
34265,Monserrate,2592,PR
34266,Ko Vaya,46,AZ
34267,Boquer_n,2023,PR
34268,Pauka'a,425,HI
34270,Sabana,1630,PR
34271,Maish Vaya,158,AZ
34272,Streetman,247,TX
34273,Kodiak,6130,AK
34274,Vega Baja,25905,PR
34275,Nolic,37,AZ
34276,Pepe'ekeo,1789,HI
34277,Cabo Rojo,9803,PR
34278,Wortham,1073,TX
34279,Daguao,1604,PR
34280,Coto Norte,1604,PR
34281,Rillito,97,AZ
34282,Larsen Bay,87,AK
34283,Carolina,157832,PR
34284,San Miguel,197,AZ
34285,Puako,772,HI
34286,Lamboglia,1050,PR
34287,Van Horn,2063,TX
34288,Duque,1320,PR
34289,Old Harbor,218,AK
34290,Guaynabo,75443,PR
34291,South Komelik,111,AZ
34292,Summerhaven,40,AZ
34293,San Lorenzo,8037,PR
34294,Volcano,2575,HI
34295,Patillas,4333,PR
34296,Ouzinkie,161,AK
34297,Clint,926,TX
34298,Las Piedras,5883,PR
34299,Topawa,299,AZ
34300,Jagual,1062,PR
34301,Luis Llor_ns Torres,2912,PR
34302,Ventana,49,AZ
34303,Morovis,2032,PR
34304,Waimea,9212,HI
34305,Heimdal,27,ND
34306,Pueblito Del Rêo,1310,PR
34307,Vinton,1971,TX
34308,Port Lions,194,AK
34309,Tonsina,78,AK
34310,Potala Pastillo,3092,PR
34311,Wahak Hotrontk,114,AZ
34312,Denhoff,20,ND
34313,Barahona,2469,PR
34314,Anahola,2223,HI
34315,Cordova,2239,AK
34316,Juneau,31275,AK
34317,Lomas,956,PR
34318,Toyah,90,TX
34319,Nabesna,5,AK
34320,Kake,557,AK
34321,Roy,108,MT
34322,Fr_nquez,1948,PR
34323,Ele'ele,2390,HI
34324,San Isidro,6828,PR
34325,Tenaha,1160,TX
34326,Hanalei,450,HI
34327,Rinc_n,1456,PR
34328,Gibson Flats,199,MT
34329,Santa B_rbara,4622,PR
34330,Happy Valley,593,AK
34331,Coolidge,955,TX
34332,Petersburg,2948,AK
34334,Why,167,AZ
34335,Stella,1088,PR
34336,Sand Coulee,212,MT
34337,Tehuacana,283,TX
34338,Elfin Cove,20,AK
34339,Hope,192,AK
34341,Hanama'ulu,3835,HI
34342,Hanapepe,2638,HI
34343,Campo Rico,3006,PR
34344,Kalifornsky,7850,AK
34345,Tenakee Springs,131,AK
34346,Thornton,526,TX
34347,Stockett,169,MT
34348,Rafael Hern_ndez,1351,PR
34349,Aguilita,4747,PR
34350,Willow Canyon,1,AZ
34352,Kalaheo,4595,HI
34353,Aguadilla,13310,PR
34354,Jessie,25,ND
34355,Patagonia,913,AZ
34356,Skagway,920,AK
34357,Kasilof,549,AK
34358,Moose Pass,219,AK
34359,Angoon,459,AK
34360,Sutton,17,ND
34361,Beyerville,177,AZ
34362,Kapa'a,10699,HI
34363,Cab_n,3334,PR
34364,Guayabal,2036,PR
34365,Bowie,449,AZ
34367,Kekaha,3537,HI
34368,Kino Springs,136,AZ
34369,Gustavus,442,AK
34370,Blanchard,26,ND
34371,Magas Arriba,1215,PR
34372,Fajardo,28930,PR
34373,Ninilchik,883,AK
34374,Kilauea,2803,HI
34375,Mullin,179,TX
34376,Hoonah,760,AK
34378,Caledonia,39,ND
34379,Dragoon,209,AZ
34380,Anchor Point,1930,AK
34381,Guayanilla,3949,PR
34382,Koloa,2144,HI
34384,South Mountain,384,TX
34385,Pelican,88,AK
34386,Beluga,20,AK
34387,Carlton,694,MT
34388,Indios,1484,PR
34389,Lawa'i,2363,HI
34390,Juncos,7564,PR
34391,Celada,4081,PR
34392,Normangee,685,TX
34393,Excursion Inlet,12,AK
34394,Elfrida,459,AZ
34395,Condon,343,MT
34396,Clam Gulch,176,AK
34398,Lihu'e,6455,HI
34399,Aguas Claras,3006,PR
34400,Oakwood,510,TX
34401,Haines,1713,AK
34402,Gurabo,7609,PR
34403,McNeal,238,AZ
34404,Huson,210,MT
34405,Princeville,2158,HI
34406,Utuado,8397,PR
34407,Cohoe,1364,AK
34408,Jayuya,2759,PR
34409,Mescal,1812,AZ
34410,Klukwan,95,AK
34411,Ceiba,5633,PR
34412,Thorntonville,476,TX
34413,Cooper Landing,289,AK
34414,Piltzville,395,MT
34415,Wailua,2254,HI
34416,Cayuco,1120,PR
34417,Vega Alta,10266,PR
34418,Miracle Valley,644,AZ
34419,Punta Santiago,4964,PR
34420,Wickett,498,TX
34421,Sitka,8881,AK
34422,Palominas,212,AZ
34423,Bre_as,3373,PR
34424,Waimea,1855,HI
34425,Parcelas la Milagrosa,1290,PR
34426,Turah,306,MT
34427,Soldotna,4163,AK
34429,Paint Rock,273,TX
34430,Pitkas Point,109,AK
34431,Kaunakakai,3425,HI
34432,Parcelas Nuevas,1579,PR
34433,Amanda Park,252,WA
34434,Port Graham,177,AK
34435,La Playa,1900,PR
34436,San Simon,165,AZ
34437,Maunaloa,376,HI
34438,Pacific Beach,291,WA
34439,Cidra,5109,PR
34440,Bajandas,1309,PR
34441,Melvin,178,TX
34442,Alakanuk,677,AK
34443,Sterling,5617,AK
34444,San Saba,3099,TX
34445,La Plena,865,PR
34446,Candelero Arriba,1215,PR
34447,Chevak,938,AK
34448,Lana'i City,3102,HI
34449,Porter,207,WA
34450,Tyonek,171,AK
34451,A_asco,5075,PR
34452,Sunizona,281,AZ
34453,Homer,5003,AK
34454,Queets,174,WA
34455,Hali'imaile,964,HI
34456,Emmonak,762,AK
34457,Humacao,18629,PR
34458,Salado,2126,TX
34459,Las Ochenta,951,PR
34460,Kachemak,472,AK
34461,Beaulieu,48,MN
34462,Hana,1235,HI
34463,Hooper Bay,1093,AK
34464,La Fermina,2743,PR
34465,Perdido Beach,581,AL
34466,Salinas,4771,PR
34467,Kenai,7100,AK
34468,Espino,1270,PR
34469,Pine Bend,28,MN
34470,Ka'anapali,1045,HI
34471,Corrigan,1595,TX
34472,Kotlik,577,AK
34473,Vieques,1938,PR
34474,Payne Springs,767,TX
34475,V_zquez,1890,PR
34476,Lares,4917,PR
34477,Caney City,217,TX
34478,Palmas,2230,PR
34479,Coffee City,278,TX
34480,Yaurel,1050,PR
34481,Mildred,368,TX
34482,Arroyo,6396,PR
34483,Mustang,21,TX
34484,Buena Vista,1660,PR
34485,Esperanza,1219,PR
34486,Valentine,134,TX
34487,Marshall,414,AK
34488,Roy Lake,12,MN
34489,Kahului,26337,HI
34490,Seldovia,255,AK
34491,Central Aguirre,1301,PR
34492,Mountain Village,813,AK
34493,Ashland,709,ME
34494,Kihei,20881,HI
34496,Chester,312,TX
34497,Seward,2693,AK
34498,Navarro,210,TX
34499,La Parguera,1044,PR
34500,Woodville,2586,TX
34501,Lahaina,11704,HI
34502,San Antonio,7574,PR
34503,Yakutat,662,AK
34504,Coco,5758,PR
34505,Nunam Iqua,187,AK
34506,Eagle Lake,625,ME
34507,Oak Valley,368,TX
34508,Ma'alaea,352,HI
34509,San Jos_,2900,PR
34510,Flat,0,AK
34511,Ivanhoe North,538,TX
34512,Lajas,4586,PR
34513,Millican,240,TX
34514,Malone,269,TX
34515,Toa Baja,1513,PR
34516,Lake Minchumina,13,AK
34518,Pilot Station,568,AK
34519,Mapleton,683,ME
34520,Makawao,7184,HI
34521,Pa'ia,2668,HI
34522,San Sebasti_n,9622,PR
34523,Russian Mission,312,AK
34524,Mars Hill,980,ME
34525,Iola,401,TX
34526,Dorado,13258,PR
34527,Livengood,13,AK
34528,Pastos,1514,PR
34529,Central,26864,LA
34530,Hinsdale,217,MT
34531,Manley Hot Springs,89,AK
34532,Waikapu,2965,HI
34533,Hato Arriba,676,PR
34534,Saint Mary's,507,AK
34535,Washburn,997,ME
34536,Aibonito,8249,PR
34537,Stagecoach,538,TX
34538,Kila,392,MT
34539,Minto,210,AK
34540,Wailuku,15313,HI
34541,Juncal,994,PR
34542,Scammon Bay,474,AK
34543,De Smet,175,ID
34544,Woodloch,207,TX
34545,Little Bitterroot Lake,194,MT
34546,Alatna,37,AK
34547,'Aiea,9338,HI
34548,Cayey,16680,PR
34549,Kasigluk,569,AK
34550,Alder,227,WA
34551,Bee Cave,3925,TX
34552,Marion,886,MT
34553,Arctic Village,152,AK
34554,Hale'iwa,3970,HI
34556,Kipnuk,639,AK
34557,Briarcliff,1438,TX
34558,Olney,191,MT
34559,Beaver,84,AK
34560,Clear Lake,1419,WA
34561,Mucarabones,1561,PR
34562,Kongiganak,439,AK
34563,Hau'ula,4148,HI
34564,Point Venture,800,TX
34565,West Glacier,227,MT
34566,Central,96,AK
34567,Home,1377,WA
34568,P_jaros,10122,PR
34569,Kwigillingok,321,AK
34570,Kahalu'u,4738,HI
34571,Kapowsin,333,WA
34572,San Leanna,497,TX
34573,Whitewater,64,MT
34574,Chalkyitsik,69,AK
34575,Toa Alta,3713,PR
34576,Lime Village,29,AK
34577,Kailua,38635,HI
34578,Key Center,3692,WA
34579,The Hills,2472,TX
34580,Zortman,69,MT
34581,Circle,104,AK
34582,Galateo,2585,PR
34583,Newtok,354,AK
34584,Happys Inn,164,MT
34585,Kane'ohe,34597,HI
34586,La Grande,109,WA
34587,Coldfoot,10,AK
34588,Volente,520,TX
34590,Akiachak,627,AK
34591,Tanana,246,AK
34592,Webberville,392,TX
34593,Pioneer Junction,959,MT
34594,La'ie,6138,HI
34595,Longbranch,3784,WA
34596,Quebradillas,5282,PR
34597,Stryker,26,MT
34598,Ma'ili,9488,HI
34599,McKenna,716,WA
34600,Atmautluak,277,AK
34601,Rampart,24,AK
34602,Bear Creek,382,TX
34603,Cacao,1001,PR
34604,McMillin,1547,WA
34605,Crooked Creek,105,AK
34606,Stevens Village,78,AK
34607,Pine Island,988,TX
34608,Sylvanite,103,MT
34609,Makaha,8278,HI
34610,Pajonal,742,PR
34611,Trego,541,MT
34612,Mililani,27629,HI
34613,Purdy,1544,WA
34614,Toksook Bay,590,AK
34615,Takotna,52,AK
34616,San Felipe,747,TX
34617,Florida,4711,PR
34618,Upper Kalskag,210,AK
34619,Venetie,166,AK
34620,Thompsons,246,TX
34621,White Haven,577,MT
34622,Nanakuli,12666,HI
34623,Rosedale,4044,WA
34624,Naranjito,1655,PR
34625,Oscarville,70,AK
34626,Pearl City,47698,HI
34627,South Creek,2507,WA
34628,Yaak,248,MT
34629,Wiseman,14,AK
34630,Fairchilds,763,TX
34631,Tiburones,1616,PR
34632,Red Devil,23,AK
34633,Punalu'u,1164,HI
34634,Vaughn,544,WA
34635,Babb,174,MT
34636,Allakaket,105,AK
34637,Pleak,1044,TX
34638,Barceloneta,3785,PR
34639,Sleetmute,86,AK
34640,Wauna,4186,WA
34641,Santa Rita,113,MT
34642,Pupukea,4551,HI
34643,Anvik,85,AK
34644,Weston Lakes,2482,TX
34645,B_falo,949,PR
34646,Stony River,54,AK
34647,Wahiawa,17821,HI
34648,Wollochet,6651,WA
34649,Turner,61,MT
34650,Bettles,12,AK
34651,China Grove,1179,TX
34652,Garrochales,1086,PR
34653,Tuluksak,373,AK
34654,Spiritwood,18,ND
34655,Disautel,78,WA
34656,Waialua,3860,HI
34657,Fort Yukon,583,AK
34658,Von Ormy,1085,TX
34659,Imb_ry,3899,PR
34660,Tuntutuliak,408,AK
34661,Wai'anae,13177,HI
34662,Galena,470,AK
34663,Ypsilanti,104,ND
34664,Keller,234,WA
34665,Moulton,886,TX
34666,San Juan,381931,PR
34667,Tununak,327,AK
34668,Twin Lakes,59,WA
34669,Brooktree Park,80,ND
34670,Waimanalo,5451,HI
34671,Grayling,194,AK
34672,Bailey's Prairie,727,TX
34673,Trujillo Alto,48437,PR
34674,Akiak,346,AK
34675,Waipahu,38216,HI
34676,Larson,12,ND
34677,Embden,59,ND
34678,Holy Cross,178,AK
34679,Bonney,310,TX
34680,Olimpo,2064,PR
34681,Aniak,501,AK
34682,Nikolski,18,AK
34683,Sweet Grass,58,MT
34684,Hughes,77,AK
34685,Baker,55,MN
34686,Hillcrest,730,TX
34688,Bethel,6080,AK
34689,Huslia,275,AK
34690,Princeton,148,ID
34691,Unalaska,4376,AK
34692,Blanchard,261,ID
34693,Iowa Colony,1170,TX
34694,Chefornak,418,AK
34695,Guayama,22691,PR
34696,Adak,326,AK
34697,Foxholm,75,ND
34698,Kaltag,190,AK
34699,Buena,990,WA
34700,Chuathbaluk,118,AK
34701,Jobos,2479,PR
34702,Jones Creek,2020,TX
34703,Koyukuk,96,AK
34704,Cliffdell,104,WA
34705,Atka,61,AK
34706,Logan,194,ND
34707,Eek,296,AK
34708,McGrath,346,AK
34709,Cowiche,428,WA
34710,Saint George,102,AK
34711,Ruthville,191,ND
34712,Palomas,1936,PR
34713,Christine,390,TX
34714,Goodnews Bay,243,AK
34715,Yauco,17186,PR
34716,Woodsboro,1512,TX
34717,Nenana,378,AK
34718,Donald,91,WA
34719,Saint Paul,479,AK
34720,Mahnomen,239,MN
34721,Kwethluk,721,AK
34722,Nile,140,WA
34723,Akutan,1027,AK
34724,Barton,20,ND
34725,Los Llanos,2118,PR
34726,Combes,2895,TX
34727,Nikolai,94,AK
34728,Lower Kalskag,282,AK
34729,Outlook,292,WA
34731,Santa Rosa,2873,TX
34732,Nulato,264,AK
34733,Mekoryuk,191,AK
34734,Cold Bay,108,AK
34735,Orrin,22,ND
34736,Parker,154,WA
34737,False Pass,35,AK
34738,Napakiak,354,AK
34739,Palmarejo,1090,PR
34740,South Padre Island,2816,TX
34741,Ruby,166,AK
34742,Selz,46,ND
34743,Tampico,312,WA
34744,Rangerville,289,TX
34745,Shageluk,83,AK
34746,Auburn,48,ND
34747,King Cove,938,AK
34748,Napaskiak,405,AK
34749,Coamo,11522,PR
34750,Martinsdale,64,MT
34751,Nash,32,ND
34752,Sand Point,976,AK
34753,Nightmute,280,AK
34754,Villalba,3384,PR
34755,Colorado City,4821,AZ
34756,Ester,2422,AK
34757,Harmon,145,ND
34758,Rosebud,111,MT
34759,Brady,140,MT
34760,Ketchikan,8050,AK
34761,Nunapitchuk,496,AK
34762,Ciales,2591,PR
34763,Antares,126,AZ
34764,Fox,417,AK
34765,Saxman,411,AK
34766,College,12964,AK
34767,Ponce,132502,PR
34768,Beaver Dam,1962,AZ
34769,Platinum,61,AK
34770,Maxville,130,MT
34771,Dupuyer,86,MT
34772,Shawmut,42,MT
34773,Cane Beds,448,AZ
34774,Quinhagak,669,AK
34775,King Salmon,374,AK
34776,Fairbanks,31535,AK
34777,Coto Laurel,3047,PR
34778,Bryant,1870,WA
34779,Clearview,3324,WA
34780,Heil,15,ND
34781,Centennial Park,1264,AZ
34782,Mertarvik,0,AK
34783,Naknek,544,AK
34784,North Pole,2117,AK
34785,Orocovis,722,PR
34786,Meadowdale,2826,WA
34787,Raleigh,12,ND
34788,Chloride,271,AZ
34789,Hormigueros,12443,PR
34790,Deltana,2251,AK
34791,Butte,3246,AK
34792,South Naknek,79,AK
34793,Koliganek,209,AK
34794,Dot Lake,13,AK
34795,Chase,34,AK
34796,Crozier,14,AZ
34797,Mora,1583,PR
34798,Belknap,158,MT
34799,Elk City,202,ID
34800,Togiak,817,AK
34801,Chickaloon,272,AK
34802,Eagle Village,67,AK
34803,Camas,58,MT
34804,Charlos Heights,120,MT
34805,Isabela,11255,PR
34806,Golden Shores,2047,AZ
34807,Aleknagik,219,AK
34808,Wasilla,7831,AK
34809,Big Delta,591,AK
34810,Conner,216,MT
34811,Santa Clara,982,PR
34812,Hackberry,68,AZ
34813,Weeksville,83,MT
34814,Clark's Point,62,AK
34815,Petersville,4,AK
34816,Chicken,7,AK
34817,Katherine,103,AZ
34818,Sula,37,MT
34819,Aguas Buenas,4204,PR
34820,Dahlen,18,ND
34821,Dillingham,2329,AK
34822,Skwentna,37,AK
34823,Northway,71,AK
34824,Littlefield,308,AZ
34825,Sweetwater,143,ID
34826,Barranquitas,2695,PR
34827,Crane,102,MT
34828,McConnico,70,AZ
34829,Englevale,40,ND
34830,Maricao,868,PR
34831,East Fairview,76,ND
34832,Ekwok,115,AK
34833,Susitna,18,AK
34834,Tanacross,136,AK
34835,McLeod,27,ND
34836,Bynum,31,MT
34837,Manokotak,442,AK
34838,Talkeetna,876,AK
34839,Martorell,2232,PR
34840,Meadview,1224,AZ
34841,Tetlin,127,AK
34842,Elkhorn,10,MT
34843,Bear Dance,275,MT
34844,New Stuyahok,510,AK
34845,Trapper Creek,481,AK
34846,Playita,1558,PR
34847,Moccasin,89,AZ
34848,Tok,1258,AK
34849,Swan Lake,113,MT
34850,South Hills,517,MT
34851,Igiugig,50,AK
34852,Willow,2102,AK
34853,Oatman,135,AZ
34854,Rosa S_nchez,1055,PR
34855,Delta Junction,958,AK
34856,Houston,1912,AK
34857,Four Lakes,512,WA
34858,Porcupine,146,ND
34859,Topock,10,AZ
34860,Yabucoa,6047,PR
34861,Iliamna,109,AK
34862,Eagle,86,AK
34863,Truxton,134,AZ
34864,Comunas,1900,PR
34865,Ivanof Bay,7,AK
34866,Palmer,5937,AK
34867,Green Bluff,761,WA
34868,Altoona,39,WA
34869,Wainwright,556,AK
34870,Kokhanok,170,AK
34871,Eureka Roadhouse,29,AK
34872,Mead,7275,WA
34873,Deep River,204,WA
34874,Valentine,38,AZ
34875,El Negro,1075,PR
34876,Point Lay,189,AK
34877,Grays River,263,WA
34878,White Hills,323,AZ
34879,Levittown,26960,PR
34880,Levelock,69,AK
34881,Healy,1021,AK
34882,Prudhoe Bay,2174,AK
34883,Ebro,64,MN
34884,Rosburg,317,WA
34885,Wikieup,133,AZ
34886,Conkling Park,43,ID
34887,Anaktuvuk Pass,324,AK
34888,Sabana Seca,9705,PR
34889,Chignik Lagoon,78,AK
34890,McKinley Park,185,AK
34891,De Lamere,30,ND
34892,Yucca,126,AZ
34893,Campanilla,6868,PR
34894,Pedro Bay,42,AK
34895,Cantwell,219,AK
34896,Rockford Bay,184,ID
34897,Atqasuk,233,AK
34898,Captain Cook,3429,HI
34899,Gallatin Gateway,856,MT
34900,Craig,43,MT
34901,Barrow,4212,AK
34902,Candelaria Arenas,4818,PR
34903,Perryville,113,AK
34904,Anderson,246,AK
34905,Hawi,1081,HI
34906,Logan,99,MT
34907,Kaktovik,239,AK
34908,Candelaria,16760,PR
34909,Marysville,80,MT
34910,Port Alsworth,159,AK
34911,Hilo,43263,HI
34912,Sedan,99,MT
34913,Anchorage,291826,AK
34914,Ugashik,12,AK
34915,Bethel,3713,WA
34916,Nuiqsut,402,AK
34917,Ingenio,5354,PR
34918,Chignik,91,AK
34919,Burley,2057,WA
34920,Cooke City,75,MT
34921,Gakona,218,AK
34922,Holualoa,8538,HI
34923,Point Hope,674,AK
34924,Culebra,1590,PR
34925,Egegik,109,AK
34926,Corwin Springs,109,MT
34927,Enetai,2286,WA
34928,Glennallen,483,AK
34929,Honalo,2423,HI
34930,Shungnak,262,AK
34931,Luquillo,7761,PR
34932,Noatak,514,AK
34933,Playa Fortuna,1690,PR
34934,Gulkana,119,AK
34935,Honoka'a,2258,HI
34936,Emigrant,488,MT
34937,Gorst,592,WA
34938,Newhalen,190,AK
34939,Hansville,3091,WA
34940,Nondalton,164,AK
34941,Honomu,509,HI
34942,Pray,681,MT
34943,Red Dog Mine,309,AK
34944,Ramos,1821,PR
34945,Kenny Lake,355,AK
34947,Ambler,258,AK
34948,McCarthy,28,AK
34949,Kailua,11975,HI
34950,Silver Gate,20,MT
34951,Keyport,554,WA
34952,Pilot Point,68,AK
34953,Mentasta Lake,112,AK
34954,Su_rez,1931,PR
34955,Buckland,416,AK
34956,Springdale,42,MT
34957,Lofall,2289,WA
34958,Port Heiden,102,AK
34959,Kea'au,2253,HI
34960,Chisana,0,AK
34961,Maunabo,1668,PR
34962,Deering,122,AK
34963,Karluk,37,AK
34964,Alzada,29,MT
34965,Seabeck,1105,WA
34966,Laupahoehoe,581,HI
34967,Chistochina,93,AK
34968,Palo Seco,1008,PR
34969,Kiana,361,AK
34970,Akhiok,71,AK
34971,Fern Prairie,1884,WA
34972,Southworth,2185,WA
34973,Chitina,126,AK
34974,Emajagua,2857,PR
34975,Kivalina,374,AK
34976,Prairie City,23,SD
34977,Copper Center,328,AK
34978,Kobuk,151,AK
34979,Palmer,1032,PR
34980,Bath,172,SD
34981,Valdez,3976,AK
34982,Kotzebue,3201,AK
34983,Bath Corner,49,SD
34984,Whittier,220,AK
34985,Noorvik,668,AK
34986,Selawik,829,AK
34987,Ferney,43,SD
34988,Paxson,40,AK
34989,Shaktoolik,251,AK
34990,Agency Village,181,SD
34991,Slana,147,AK
34992,Shishmaref,563,AK
34993,Goodwill,513,SD
34994,Tatitlek,88,AK
34995,Stebbins,556,AK
34996,Long Hollow,192,SD
34997,Teller,229,AK
34998,Kidder,57,SD
34999,Pony,118,MT
35000,Biddle,41,MT
35001,Long Island,-999,AK
35002,Bairoa,-999,PR
35003,Sumidero,-999,PR
35004,Charlotte Amalie,-999,VI
35005,Cruz Bay,-999,VI
35006,Christiansted,-999,VI
35007,Frederiksted,-999,VI
35008,Cottondale,-999,AL
35009,North Haverhill,-999,NH
35010,Clinton,928,WA
35011,Martinville,-999,AR
35012,Trona,-999,CA
35013,Mana,-999,HI
35014,Kamalo,-999,HI
35015,Kipahulu,-999,HI
35016,Mahukona,-999,HI
35018,University Park,-999,IL
35019,Long Beach,1179,IN
35020,Great Falls,-999,MD
35021,Hubbard Lake,1002,MI
35022,Tomnolen,-999,MS
35023,Fairview,-999,NJ
35024,Pottersville,-999,NJ
35025,Glenville,-999,NY
35026,The Village of Indian Hill,-999,OH
35027,Five Points,-999,PA
35028,Monahans,-999,TX
35029,Wrangell,-999,AK
35030,Meyers Chuck,-999,AK
35031,Adelaide,-999,WA
35032,Grapeview,954,WA
35033,Edmonds,39709,WA
35034,Woodway,1307,WA
35035,Georgetown,-999,WA
35036,Mackinaw City,806,MI
35037,Mount Baldy,-999,CA
35038,Gateway,-999,CO
35039,West Frostproof,-999,FL
35040,Garden Lakes,-999,GA
35041,Gibson City,3407,IL
35043,Boquillas Crossing,-999,TX
35044,Cape Yakataga,-999,AK
35045,Hawk Inlet,-999,AK
35046,Lignite,-999,AK
35047,Montana,-999,AK
35048,New Tokeen,-999,AK
35049,Brooke,-999,VA
35050,Ridgecrest,-999,WA
35051,Yoman,-999,WA
35052,Sunnyslope,3252,WA
35053,Wolf,-999,WY
35054,Emory,-999,GA
35055,Broad Pass (historical),-999,AK
35056,Continental Divide,-999,NM
35057,Quarry,-999,TX
35058,Weloka,-999,HI
35059,Rheem,-999,CA
35060,Enos Corner,-999,IN
35061,Rocky Ridge Ranch,-999,MO
35062,Deep Gap,-999,NC
35063,Isla,-999,TX
35064,Isle au Haut,-999,ME
35065,Village of Four Seasons,2217,MO
35066,Country Club Village,2449,MO
35067,Cobalt Village,226,MO
35068,South West City,970,MO
35069,Loch Lloyd,600,MO
35070,Columbia,891,NH
35071,Merrimack,4197,NH
35072,Gann Valley,14,SD
35073,Witten,79,SD
35074,Manderson,626,SD
35075,Lakewood (historical),2302,TN
35076,Parkers Crossroads,330,TN
35077,Three Way,1709,TN
35078,Soddy-Daisy,12714,TN
35079,Hartsville,7870,TN
35080,Lynchburg,6362,TN
35081,Nashville,601222,TN
35082,Falcon Lake,1036,TX
35083,Cache Junction,38,UT
35084,Elberta,256,UT
35085,Petersboro,324,UT
35086,Oljato,674,UT
35087,Heber City,11362,UT
35088,Boulder,226,UT
35089,North Westminster,247,VT
35090,Cabot,233,VT
35091,South Chesconessex,131,VA
35092,Buckingham,133,VA
35093,Chamberlayne Heights,5456,VA
35094,Gloucester,2951,VA
35095,Meadowview,967,VA
35096,Marietta,3906,WA
35097,McMurray,192,WA
35098,Nordland,844,WA
35099,La Crosse,313,WA
35100,Thompson Place,5892,WA
35101,Coalton,250,WV
35102,Berkeley Springs,624,WV
35103,Weston,14868,WI
35104,Mequon,23132,WI
35105,Superior,664,WI
35106,Brockway,-999,WI
35107,De Forest,8936,WI
35108,Jamestown,-999,WI
35109,Ottawa,-999,WI
35110,Parkland,-999,WI
35111,Casper,55316,WY
35112,Colony,-999,WY
35113,Foxpark,22,WY
35114,Furnace Creek,24,CA
35115,Clearlake,15250,CA
35116,Tamalpais Valley,10735,CA
35117,Albany,18539,CA
35118,Malibu,12645,CA
35119,West Hollywood,34399,CA
35120,Mesa Verde,1023,CA
35121,Rackerby,204,CA
35122,Coulterville,201,CA
35123,El Toro,-999,CA
35124,Hollywood,-999,CA
35125,Bronx,1408473,NY
35126,Manhattan,1619090,NY
35127,Brooklyn,2565635,NY
35128,Queens,2272771,NY
35129,Staten Island,470728,NY
35130,Ogletown,-999,DE
35131,Ritchie,276,MD
35132,Dares Beach,2538,MD
35133,Chardon,5148,OH
35134,Hoopersville,-999,MD
35135,Chaptico,-999,MD
35136,Milford Crossroads,-999,DE
35137,North Attleborough,28712,MA
35138,Calvert,-999,MD
35139,Farmington,-999,MD
35140,Whiteford,-999,MD
35141,Prospect,-999,MD
35142,Cornersville,-999,MD
35143,Georgiaville,-999,RI
35144,Centerdale,-999,RI
35145,Union Village,-999,RI
35146,Saunderstown,-999,RI
35147,Shawmut,-999,AL
35148,Sunrise,84439,FL
35149,Joiner,576,AR
35150,Warm Springs,-999,AR
35151,Flournoy,-999,LA
35152,Washington,-999,MS
35153,Brasfield,-999,AR
35154,Holbrook Junction,-999,NV
35155,Rockvale,-999,MT
35156,Bozeman Hot Springs,-999,MT
35157,Watkins,653,CO
35158,Parlin,-999,CO
35159,Doyleville,-999,CO
35160,Mineral Hot Springs,-999,CO
35161,Lawson,-999,CO
35162,Dumont,-999,CO
35163,El Rancho,-999,CO
35164,Granite,-999,IA
35165,Carbury,-999,ND
35166,Rose Lake,-999,ID
35167,Sparta,-999,NJ
35168,Manchester,-999,NJ
35169,Bacavi,-999,AZ
35170,Big Springs,-999,AZ
35171,Double Adobe,-999,AZ
35172,Carmen,-999,AZ
35173,Nicksville,-999,AZ
35174,Tumacacori,393,AZ
35175,Forest Lakes Estates,-999,AZ
35176,Doyleville,-999,CO
35177,Farson,-999,IA
35178,West Grove,-999,IA
35179,Humble City,-999,NM
35180,Rutheron,-999,NM
35181,Los Padillas,-999,NM
35182,Ojo Caliente,-999,NM
35183,Manhattan,-999,NV
35184,Matanuska,-999,AK
35185,Seal Rock,-999,OR
35186,South Beach,-999,OR
35187,Tidewater,-999,OR
35188,Enning,-999,SD
35189,Marcus,-999,SD
35190,Maurine,-999,SD
35191,Mud Butte,-999,SD
35192,Opal,-999,SD
35193,Plainview,-999,SD
35194,Redowl,-999,SD
35195,White Owl,-999,SD
35196,Fairpoint,-999,SD
35197,Hereford,-999,SD
35198,Howes,-999,SD
35199,Stoneville,-999,SD
35200,Viewfield,-999,SD
35201,Elm Springs,-999,SD
35202,Tilford,-999,SD
35203,Beekmantown,-999,NY
35204,Black Brook,-999,NY
35205,Ellenburg,-999,NY
35206,Saranac,-999,NY
35207,Schuyler Falls,-999,NY
35208,De Kalb Junction,519,NY
35209,Helena,-999,NY
35210,Newton Falls,-999,NY
35211,Nicholville,-999,NY
35212,Raymondville,-999,NY
35213,South Colton,-999,NY
35214,Clare,-999,NY
35215,De Kalb,-999,NY
35216,De Peyster,-999,NY
35217,Fine,-999,NY
35218,Fowler,-999,NY
35219,Hopkinton,-999,NY
35220,Lisbon,-999,NY
35221,Louisville,-999,NY
35222,Oswegatchie,-999,NY
35223,Piercefield,-999,NY
35224,Pierrepont,-999,NY
35225,Pitcairn,-999,NY
35226,Rossie,-999,NY
35227,Russell,-999,NY
35228,Bangor,-999,NY
35229,Bombay,-999,NY
35230,Constable,-999,NY
35231,Dickinson,-999,NY
35232,Fort Covington,-999,NY
35233,Harrietstown,-999,NY
35234,Moira,-999,NY
35235,Santa Clara,-999,NY
35236,Westville,-999,NY
35237,Bates,-999,OR
35238,Dale,-999,OR
35239,Fox,-999,OR
35240,Hamilton,-999,OR
35241,Izee,-999,OR
35242,Kimberly,-999,OR
35243,Silvies,-999,OR
35244,Stephan,-999,SD
35245,Holabird,-999,SD
35246,Ashwood,-999,OR
35247,Willowdale,-999,OR
35248,Grizzly,-999,OR
35249,Foster,-999,OR
35250,Hayes,-999,SD
35251,Wendte,-999,SD
35252,Mission Ridge,-999,SD
35253,Hilland,-999,SD
35254,Milesville,-999,SD
35255,Nowlin,-999,SD
35256,Ottumwa,-999,SD
35257,Kirley,-999,SD
35258,North Albany,-999,OR
35259,Hoskins,-999,OR
35260,Bonilla,-999,SD
35261,Nemo,-999,SD
35262,Paulina,-999,OR
35263,Post,-999,OR
35264,Powell Butte,-999,OR
35265,Canning,-999,SD
35266,Crown Point,-999,NY
35267,Essex,-999,NY
35268,Jay,-999,NY
35269,Keene,-999,NY
35270,Lewis,-999,NY
35271,Minerva,-999,NY
35272,Moriah,-999,NY
35273,Newcomb,-999,NY
35274,North Elba,-999,NY
35275,North Hudson,-999,NY
35276,Osceola,-999,SD
35277,Wicksville,-999,SD
35278,Creighton,-999,SD
35279,Pedro,-999,SD
35280,Conata,-999,SD
35281,Farmingdale,-999,SD
35282,Imlay,-999,SD
35283,Rochford,-999,SD
35284,Rockerville,-999,SD
35285,Cherry Hill,-999,MI
35286,Denton,-999,MI
35287,East Rockwood,-999,MI
35288,Edgewater Heights,-999,MI
35289,Grosse Pointe Shores,-999,MI
35290,Milleville Beach,-999,MI
35291,Conesville,-999,NY
35292,New Boston,-999,MI
35293,Gilboa,-999,NY
35294,Roulo,-999,MI
35295,Jefferson,-999,NY
35296,Sheldon,-999,MI
35297,Seward,-999,NY
35298,Ida,-999,MI
35299,Sharon,-999,NY
35300,Oakville,-999,MI
35301,Summit,-999,NY
35302,Nanson,-999,ND
35303,Berne,-999,NY
35304,Kelvin,-999,ND
35305,Coeymans,-999,NY
35306,Eckman,-999,ND
35307,Alma,-999,NY
35308,Guilderland,-999,NY
35309,Omemee,-999,ND
35310,Birdsall,-999,NY
35311,Knox,-999,NY
35312,Russell,-999,ND
35313,Scenic,-999,SD
35314,Burns,-999,NY
35315,New Scotland,-999,NY
35316,Akra,-999,ND
35317,Owanka,-999,SD
35318,Caneadea,-999,NY
35319,Rensselaerville,-999,NY
35320,Bowesmont,-999,ND
35321,Silver City,-999,SD
35322,South Montrose,-999,PA
35323,Centerville,-999,NY
35324,Westerlo,-999,NY
35325,Gardar,-999,ND
35326,Arock,-999,OR
35327,Springville,-999,PA
35328,Grove,-999,NY
35329,Cincinnatus,-999,NY
35330,Leroy,-999,ND
35331,Beulah,-999,OR
35332,Garland,-999,PA
35333,Hume,-999,NY
35334,Maza,-999,ND
35335,Ironside,-999,OR
35336,Cuyler,-999,NY
35337,Eagleville,-999,OH
35338,Independence,-999,NY
35339,Jamieson,-999,OR
35340,Clyde,-999,ND
35341,New Lyme Station,-999,OH
35342,Harford,-999,NY
35343,West Almond,-999,NY
35344,Riverside,-999,OR
35345,Maida,-999,ND
35346,Pierpont,-999,OH
35347,Lapeer,-999,NY
35348,Wirt,-999,NY
35349,Westfall,-999,OR
35350,Preble,-999,NY
35351,Olga,-999,ND
35352,Dorset,-999,OH
35353,Bovina,-999,NY
35354,Alkabo,-999,ND
35355,Simons,-999,OH
35356,Alfalfa,-999,OR
35357,Scott,-999,NY
35358,Colchester,-999,NY
35359,Coteau,-999,ND
35360,Kelloggsville,-999,OH
35361,Hampton,-999,OR
35362,Solon,-999,NY
35363,Davenport,-999,NY
35364,Brothers,-999,OR
35365,Taylor,-999,NY
35366,Northgate,-999,ND
35367,Saybrook,-999,OH
35368,Truxton,-999,NY
35369,Hartland,-999,ND
35370,Warren,-999,RI
35371,Hamden,-999,NY
35372,Champion,-999,NY
35373,Virgil,-999,NY
35374,Niobe,-999,ND
35375,Bristol,-999,RI
35376,Harpersfield,-999,NY
35377,Worth,-999,NY
35378,Willet,-999,NY
35379,Bonetraill,-999,ND
35380,Barrington,-999,RI
35381,Masonville,-999,NY
35382,Blue River,-999,OR
35383,Meredith,-999,NY
35384,Dexter,-999,OR
35385,Placer,-999,OR
35386,Buford,-999,ND
35387,Washington,-999,RI
35388,Roxbury,-999,NY
35389,Leaburg,-999,OR
35390,West Warwick,-999,RI
35391,Holland,-999,OR
35392,McGregor,-999,ND
35393,Murphy,-999,OR
35394,Spring Brook,27,ND
35395,Ancram,-999,NY
35396,McKenzie Bridge,-999,OR
35397,Coventry Center,-999,RI
35398,Austerlitz,-999,NY
35399,Santa Clara,-999,OR
35400,East Greenwich,-999,RI
35401,Wilderville,-999,OR
35402,Trenton,-999,ND
35403,Canaan,-999,NY
35404,Vida,-999,OR
35405,Silica,-999,OH
35406,Leland,-999,OR
35407,Zahl,-999,ND
35408,Walterville,-999,OR
35409,Elliston,-999,OH
35410,Claverack,-999,NY
35411,Wolf Creek,-999,OR
35412,Hanks,-999,ND
35413,Gypsum,-999,OH
35414,Wheelock,-999,ND
35415,Barrington,-999,NY
35416,Clermont,-999,NY
35417,Goshen,-999,OR
35418,Marcola,-999,OR
35419,Catawba Island,-999,OH
35420,Berwick,-999,ND
35421,Benton,-999,NY
35422,Copake,-999,NY
35423,Hillsdale,-999,NY
35424,Italy,-999,NY
35425,Denbigh,-999,ND
35426,Culp Creek,-999,OR
35427,Oakshade,-999,OH
35428,Livingston,-999,NY
35429,Montville,-999,OH
35430,Middlesex,-999,NY
35431,Guthrie,-999,ND
35432,Cushman,-999,OR
35433,New Lebanon,-999,NY
35434,Welshfield,-999,OH
35435,Potter,-999,NY
35436,Simcoe,-999,ND
35437,Disston,-999,OR
35438,Stockport,-999,NY
35439,Dorena,-999,OR
35440,Belden,-999,ND
35441,East Claridon,-999,OH
35442,Starkey,-999,NY
35443,Stuyvesant,-999,NY
35444,Columbus,-999,NY
35445,Coulee,-999,ND
35446,Jamestown,-999,RI
35447,Mapleton,-999,OR
35448,Lostwood,-999,ND
35449,Little Compton,-999,RI
35450,McCredie Springs,-999,OR
35451,Taghkanic,-999,NY
35452,Coventry,-999,NY
35453,Middletown,-999,RI
35454,Ashland,-999,NY
35455,Swisshome,-999,OR
35456,Tagus,-999,ND
35457,Lincklaen,-999,NY
35458,Aylmer,-999,ND
35459,Durham,-999,NY
35460,Portsmouth,-999,RI
35461,Cheshire,-999,OR
35462,McDonough,-999,NY
35463,Southam,-999,ND
35464,Siltcoos,-999,OR
35465,North Norwich,-999,NY
35466,Jewett,-999,NY
35467,West Kingston,-999,RI
35468,Webster,-999,ND
35469,Lexington,-999,NY
35470,Otselic,-999,NY
35471,Denmark,-999,NY
35472,Wakefield,-999,RI
35473,Lakewood Park,-999,ND
35474,Greig,-999,NY
35475,New Baltimore,-999,NY
35476,Pharsalia,-999,NY
35477,New Shoreham,-999,RI
35478,Cashel,-999,ND
35479,Harrisburg,-999,NY
35480,Conklin,-999,NY
35481,Pitcher,-999,NY
35482,Charlestown,-999,RI
35483,Voss,-999,ND
35484,Kirkwood,-999,NY
35485,Lyonsdale,-999,NY
35486,Plymouth,-999,NY
35487,Exeter,-999,RI
35488,Baker,-999,ND
35489,Maine,-999,NY
35490,Martinsburg,-999,NY
35491,Preston,-999,NY
35492,Belleville,-999,RI
35493,Fillmore,-999,ND
35494,New Bremen,-999,NY
35495,Nanticoke,-999,NY
35496,Caroline,-999,NY
35497,Hopkinton,-999,RI
35498,Harlow,-999,ND
35499,Sanford,-999,NY
35500,Danby,-999,NY
35501,Falls,-999,PA
35502,Osceola,-999,NY
35503,Tokio,-999,ND
35504,Blooming Grove,-999,NY
35505,Watson,-999,NY
35506,Triangle,-999,NY
35507,Whitman,-999,ND
35508,Enfield,-999,NY
35509,Michigan,294,ND
35510,Greenville,-999,NY
35511,Vestal,-999,NY
35512,Iona,-999,SD
35513,Newfield,759,NY
35514,Barton,-999,NY
35515,Lyman,-999,SD
35516,Hamptonburgh,-999,NY
35517,Mekinock,-999,ND
35518,Bradford,-999,NY
35519,Berkshire,-999,NY
35520,Rutland,-999,SD
35521,Cameron,-999,NY
35522,Mount Hope,-999,NY
35523,Dore,-999,ND
35524,Richford,-999,NY
35525,Junius,-999,SD
35526,Caton,-999,NY
35527,West View,-999,OH
35528,Cartwright,-999,ND
35529,Capa,-999,SD
35530,Chemung,-999,NY
35531,Fremont,-999,NY
35532,Brockport,-999,PA
35533,Grassy Butte,-999,ND
35534,Keene,-999,ND
35535,Grandview,-999,PA
35536,Greenwood,-999,NY
35537,North Springfield,-999,PA
35538,Westover,-999,SD
35539,Hartsville,-999,NY
35540,Denning,-999,NY
35541,Van Metre,-999,SD
35542,Rawson,-999,ND
35543,Portland Mills,-999,PA
35544,Arietta,-999,NY
35545,Esopus,-999,NY
35546,Hornby,-999,NY
35547,Falkirk,-999,ND
35548,Lynch,-999,PA
35549,Howard,-999,NY
35550,Lloyd,-999,NY
35551,Benson,-999,NY
35552,West Hickory,-999,PA
35553,Raub,-999,ND
35554,Jasper,-999,NY
35555,Rocky Grove,-999,PA
35556,Marbletown,-999,NY
35557,Hope,-999,NY
35558,Roseglen,-999,ND
35559,Shinrock,-999,OH
35560,Lindley,-999,NY
35561,Indian Lake,-999,NY
35562,Brantford,-999,ND
35563,Rosendale,-999,NY
35564,Pulteney,-999,NY
35565,Kendall,-999,NY
35566,Parkertown,-999,OH
35567,Chaseley,-999,ND
35568,Shandaken,-999,NY
35569,Inlet,-999,NY
35570,Rathbone,-999,NY
35571,Kimball,-999,OH
35572,Lake Pleasant,-999,NY
35573,Wawarsing,-999,NY
35574,Wellsburg,-999,ND
35575,Murray,-999,NY
35576,Wells,-999,NY
35577,Beekman,-999,NY
35578,Marshall,-999,ND
35579,Lime City,-999,OH
35580,Thurston,-999,NY
35581,Troupsburg,-999,NY
35582,East Fishkill,-999,NY
35583,New Hradec,-999,ND
35584,Sterling Run,-999,PA
35585,Fairfield,-999,NY
35586,Urbana,-999,NY
35587,Milan,-999,NY
35588,Colgate,-999,ND
35589,Bushkill,-999,PA
35590,Norway,-999,NY
35591,Ohio,-999,NY
35592,Dingmans Ferry,-999,PA
35593,Walum,-999,ND
35594,West Union,-999,NY
35595,Esmond,-999,RI
35596,Barlow,-999,ND
35597,Wheeler,-999,NY
35598,Manville,-999,RI
35599,Russia,-999,NY
35600,Tafton,-999,PA
35601,Bordulac,-999,ND
35602,Woodhull,-999,NY
35603,Smithfield,-999,RI
35604,Salisbury,-999,NY
35605,Ridgeway,-999,NY
35606,Greeley,-999,PA
35607,Hartland,-999,NY
35608,Juanita,-999,ND
35609,Arkwright,-999,NY
35610,Cumberland,-999,RI
35611,Stratford,-999,NY
35612,Elimsport,-999,PA
35613,Ralston,-999,PA
35614,Fairfield,-999,ND
35615,Clymer,-999,NY
35616,North Foster,-999,RI
35617,Warren,-999,NY
35618,Warrensville,-999,PA
35619,Bethel,-999,NY
35620,Fryburg,-999,ND
35621,Ellington,-999,NY
35622,Frenchglen,-999,OR
35623,Cammal,-999,PA
35624,Cochecton,-999,NY
35625,Trotters,-999,ND
35626,Pendleton,-999,NY
35627,French Creek,-999,NY
35628,Lawen,-999,OR
35629,Trout Run,-999,PA
35630,Fallsburg,-999,NY
35631,Eldridge,-999,ND
35632,Gerry,-999,NY
35633,Wagontire,-999,OR
35634,Barbours,-999,PA
35635,Neversink,-999,NY
35636,Sydney,-999,ND
35637,Harney,-999,OR
35638,Sonestown,-999,PA
35639,Rockland,-999,NY
35640,Kiantone,-999,NY
35641,Somerset,-999,NY
35642,Riley,-999,OR
35643,Mildred,-999,PA
35644,Tusten,-999,NY
35645,Baldwin,-999,ND
35646,Mina,-999,NY
35647,Princeton,-999,OR
35648,Carmel,-999,NY
35649,Camptown,-999,PA
35650,Portland,-999,NY
35651,McKenzie,-999,ND
35652,Patterson,-999,NY
35653,East Smithfield,-999,PA
35654,Sheridan,-999,NY
35655,Moffit,-999,ND
35656,Stamford,-999,SD
35657,East Troy,-999,PA
35658,Stockton,-999,NY
35659,Sterling,-999,ND
35660,Long Valley,-999,SD
35661,Putnam Valley,-999,NY
35662,Gillett,-999,PA
35663,Catharine,-999,NY
35664,Fort Clark,-999,ND
35665,Hisle,-999,SD
35666,Brentwood Lake,-999,OH
35667,Powell,-999,PA
35668,Cayuta,-999,NY
35669,Hannover,-999,ND
35670,Henrietta,-999,NY
35671,Stevensville,-999,PA
35672,Hector,-999,NY
35673,Potato Creek,-999,SD
35674,Vincent,-999,OH
35675,Hensler,-999,ND
35676,Ulster,-999,PA
35677,Tyrone,-999,NY
35678,Camas Valley,-999,OR
35679,Columbia Hills Corners,-999,OH
35680,Lucca,-999,ND
35681,Curtin,-999,OR
35682,Columbia Station,-999,OH
35683,Chaffee,-999,ND
35684,Leroy,-999,PA
35685,Wayne,-999,NY
35686,Idleyld Park,-999,OR
35687,North Eaton,-999,OH
35688,Hickson,-999,ND
35689,Antrim,-999,PA
35690,Ashford,-999,NY
35691,Mendon,-999,NY
35692,Tenmile,-999,OR
35693,Champion,-999,OH
35694,Lefor,-999,ND
35695,Blackwell,-999,PA
35696,Carrollton,-999,NY
35697,Umpqua,-999,OR
35698,Mecca,-999,OH
35699,Breien,-999,ND
35700,Gaines,-999,PA
35701,Conewango,-999,NY
35702,Winchester,-999,OR
35703,Keeneyville,-999,PA
35704,Kinsman,-999,OH
35705,Judson,-999,ND
35706,Dayton,-999,NY
35707,North Bloomfield,-999,OH
35708,Saint Anthony,-999,ND
35709,East Otto,-999,NY
35710,Diamond Lake,-999,OR
35711,Morris,-999,PA
35712,Gustavus,-999,OH
35713,Freda,-999,ND
35714,Farmersville,-999,NY
35715,Milo,-999,OR
35716,Sabinsville,-999,PA
35717,Gerald,-999,OH
35718,Lark,-999,ND
35719,Freedom,-999,NY
35720,Scottsburg,-999,OR
35721,Coryville,-999,PA
35722,Okolona,-999,OH
35723,Shields,-999,ND
35724,Great Valley,-999,NY
35725,Tiller,-999,OR
35726,Crosby,-999,PA
35727,Tylersville,-999,PA
35728,Kintyre,-999,ND
35729,Penfield,-999,NY
35730,Hinsdale,-999,NY
35731,Cyclone,-999,PA
35732,Westport,-999,PA
35733,Temvik,-999,ND
35734,Cedar Butte,-999,SD
35735,Humphrey,-999,NY
35736,Derrick City,-999,PA
35737,Farrandsville,-999,PA
35738,Mosher,-999,SD
35739,Ischua,-999,NY
35740,Hazel Hurst,-999,PA
35741,Hammersley Fork,-999,PA
35742,Dewey,-999,SD
35743,Leon,-999,NY
35744,North Bend,-999,PA
35745,Rixford,-999,PA
35746,Renner,-999,SD
35747,Lyndon,-999,NY
35748,Lucinda,-999,PA
35749,Westline,-999,PA
35750,Rowena,-999,SD
35751,Napoli,-999,NY
35752,Ludlow,-999,PA
35753,Drifton,-999,PA
35754,Unityville,-999,SD
35755,New Albion,-999,NY
35756,Harrison Valley,-999,PA
35757,Sweet Valley,-999,PA
35758,Dresden,-999,NY
35759,Otto,-999,NY
35760,West Pike,-999,PA
35761,Woodside,-999,PA
35762,Easton,-999,NY
35763,Persia,-999,NY
35764,Genesee,-999,PA
35765,Jewell,-999,OH
35766,Hampton,2808,NY
35767,Gold,-999,PA
35768,Beach Lake,-999,PA
35769,Brunersburg,-999,OH
35770,Hartford,-999,NY
35771,Newfoundland,-999,PA
35772,Farmer,-999,OH
35773,Kingsbury,-999,NY
35774,Anita,-999,PA
35775,Putnam,-999,NY
35776,Orson,-999,PA
35777,Sigel,-999,PA
35778,Riga,-999,NY
35779,White Creek,-999,NY
35780,Hamlin,-999,PA
35781,Lewisboro,-999,NY
35782,Bolton,-999,NY
35783,Lake Ariel,-999,PA
35784,Westfield,-999,ND
35785,Mount Pleasant,-999,NY
35786,Hague,-999,NY
35787,Brooklyn,981,PA
35788,North Castle,-999,NY
35789,Johnsburg,-999,NY
35790,North Salem,-999,NY
35791,Queensbury,-999,NY
35792,Pound Ridge,-999,NY
35793,Stony Creek,-999,NY
35794,Rush,-999,NY
35795,Somers,-999,NY
35796,Livona,-999,ND
35797,Thurman,-999,NY
35798,Huron,-999,NY
35799,Burnstad,-999,ND
35800,Rose,-999,NY
35801,De Sart,-999,ND
35802,Walworth,-999,NY
35803,Alfred,-999,ND
35804,Bleecker,-999,NY
35805,Nortonville,-999,ND
35806,Ephratah,-999,NY
35807,Burt,-999,ND
35808,Oppenheim,-999,NY
35809,Havelock,-999,ND
35810,Perth,-999,NY
35811,Carter,-999,SD
35812,Arch Cape,-999,OR
35813,Yorktown,-999,NY
35814,Cicero,-999,NY
35815,Hammond,-999,OR
35816,Millboro,-999,SD
35817,Sagamore Hills,-999,OH
35818,Clay,-999,NY
35819,Elsie,-999,OR
35820,Wewela,-999,SD
35821,Ghent,-999,OH
35822,LaFayette,-999,NY
35823,Knappa,-999,OR
35824,Clearfield,-999,SD
35825,Copley,-999,OH
35826,Lysander,-999,NY
35827,Brampton,-999,ND
35828,Keyapaha,-999,SD
35829,Northfield Center,-999,OH
35830,Otisco,-999,NY
35831,Crete,-999,ND
35832,Ideal,-999,SD
35833,West Richfield,-999,OH
35834,Pompey,-999,NY
35835,Merricourt,-999,ND
35836,Hastings,-999,NY
35837,Greensburg,-999,OH
35838,New Haven,-999,NY
35839,Spafford,-999,NY
35840,Haley,-999,ND
35841,Montrose,-999,OH
35842,Van Buren,-999,NY
35843,Mist,-999,OR
35844,Orwell,-999,NY
35845,Freedom Station,-999,OH
35846,Brookfield,-999,NY
35847,Rieth,-999,OR
35848,Palermo,-999,NY
35849,Deerfield,-999,OH
35850,Eaton,-999,NY
35851,Gibbon,-999,OR
35852,Redfield,-999,NY
35853,Ramapo,-999,NY
35854,Fenner,-999,NY
35855,Meacham,-999,OR
35856,Richland,-999,NY
35857,Clarksfield,-999,OH
35858,Georgetown,-999,NY
35859,Troy,-999,OR
35860,Scriba,-999,NY
35861,Fitchville,-999,OH
35862,Lebanon,-999,NY
35863,Flora,-999,OR
35864,Volney,-999,NY
35865,Havana,-999,OH
35866,Lenox,-999,NY
35867,Minam,-999,OR
35868,West Monroe,-999,NY
35869,Olena,-999,OH
35870,Nelson,-999,NY
35871,Lodgepole,-999,SD
35872,Williamstown,-999,NY
35873,Litchfield,-999,OH
35874,Stockbridge,-999,NY
35875,Meadow,-999,SD
35876,Denby,-999,SD
35877,Carrothers,-999,OH
35878,Sullivan,-999,NY
35879,Sorum,-999,SD
35880,Red Shirt,-999,SD
35881,Amsden,-999,OH
35882,Bon Homme Colony,-999,SD
35883,Dairy,-999,OR
35884,White Butte,-999,SD
35885,Croft,-999,PA
35886,Alabama,-999,NY
35887,Keno,-999,OR
35888,Shadehill,-999,SD
35889,Karthaus,-999,PA
35890,Byron,-999,NY
35891,Olene,-999,OR
35892,Madera,-999,PA
35893,Kenel,-999,SD
35894,Darien,-999,NY
35895,Penfield,-999,PA
35896,Midland,-999,OR
35897,Thunder Hawk,-999,SD
35898,Pembroke,-999,NY
35899,Woodland,-999,PA
35900,Worden,-999,OR
35901,Wakpala,-999,SD
35902,Stafford,-999,NY
35903,Watauga,-999,SD
35904,Beatty,-999,OR
35905,Luthersburg,-999,PA
35906,Amherst,-999,NY
35907,Cresco,-999,PA
35908,Walker,-999,SD
35909,Bly,-999,OR
35910,Boston,-999,NY
35911,Brant,-999,NY
35912,Crescent,-999,OR
35913,Kunkletown,-999,PA
35914,Ludlow,-999,SD
35915,Reva,-999,SD
35916,Swiftwater,-999,PA
35917,Crescent Lake,-999,OR
35918,Colden,-999,NY
35919,Fort Klamath,-999,OR
35920,Collins,-999,NY
35921,Harding,-999,SD
35922,Tannersville,-999,PA
35923,Ladner,-999,SD
35924,Tobyhanna,-999,PA
35925,Gilchrist,-999,OR
35926,Concord,-999,NY
35927,Ralph,-999,SD
35928,Canadensis,-999,PA
35929,Kirk,-999,OR
35930,Elma,-999,NY
35931,Redig,-999,SD
35932,Blakeslee,-999,PA
35933,Klamath Agency,-999,OR
35934,Marilla,-999,NY
35935,Sprague River,-999,OR
35936,Greenway,-999,SD
35937,Dornsife,-999,PA
35938,Sardinia,-999,NY
35939,Fairview,-999,PA
35940,Chemult,-999,OR
35941,Putney,-999,SD
35942,Spink,-999,SD
35943,Amherst,-999,SD
35944,Meckling,-999,SD
35945,Ferndale,-999,PA
35946,Adel,-999,OR
35947,Mausdale,-999,PA
35948,Valley Falls,-999,OR
35949,Burbank,-999,SD
35950,Hardman,-999,OR
35951,Charleston,-999,NY
35952,Cecil,-999,OR
35953,Summer Lake,-999,OR
35954,Boyers,-999,PA
35955,Hilgard,-999,OR
35956,Augusta,-999,NY
35957,Cabot,-999,PA
35958,Glen,-999,NY
35959,Pondosa,-999,OR
35960,Ava,-999,NY
35961,Cooperstown,-999,PA
35962,Bristol,-999,NY
35963,Telocaset,-999,OR
35964,Deerfield,-999,NY
35965,Criders Corners,-999,PA
35966,Florence,-999,NY
35967,Glade Mills,-999,PA
35968,Farmington,-999,NY
35969,Mayville,-999,OR
35970,Mikkalo,-999,OR
35971,Homeacre,-999,PA
35972,South Bristol,-999,NY
35973,Floyd,-999,NY
35974,Forestport,-999,NY
35975,Olex,-999,OR
35976,Lernerville,-999,PA
35977,West Bloomfield,-999,NY
35978,Kirkland,-999,NY
35979,Rock Creek,-999,OR
35980,Lyndora,-999,PA
35981,Covert,-999,NY
35982,Fayette,-999,NY
35983,Timber,-999,OR
35984,Myoma,-999,PA
35985,Lee,-999,NY
35986,Tyre,-999,NY
35987,Kent,-999,OR
35988,Marcy,-999,NY
35989,Northvue,-999,PA
35990,Applegate,-999,OR
35991,Burlington,-999,OR
35992,Marshall,-999,NY
35993,Sarver,-999,PA
35994,Lake Creek,-999,OR
35995,Powellhurst,-999,OR
35996,Paris,-999,NY
35997,Silverville,-999,PA
35998,Union Creek,-999,OR
35999,Rockwood,-999,OR
36000,Sangerfield,-999,NY
36001,Conesus,308,NY
36002,Watters,-999,PA
36003,Steuben,-999,NY
36004,Sarversville,-999,PA
36005,Groveland,281,NY
36006,Dee,-999,OR
36007,Vienna,-999,NY
36008,Butler Junction,-999,PA
36009,Ossian,-999,NY
36010,Simnasho,-999,OR
36011,Allegany,-999,OR
36012,Hilliards,-999,PA
36013,Springwater,549,NY
36014,Wapinitia,-999,OR
36015,Bridge,-999,OR
36016,Christy Manor,-999,PA
36017,West Sparta,-999,NY
36018,Loyalton,-999,SD
36019,Broadbent,-999,OR
36020,Dime,-999,PA
36021,York,544,NY
36022,Mina,-999,SD
36023,Fairview,-999,OR
36024,Georgetown,-999,PA
36025,Berlin,-999,NY
36026,Firesteel,-999,SD
36027,Charleston,-999,OR
36028,Girty,-999,PA
36029,Brunswick,-999,NY
36030,Glencross,-999,SD
36031,Dora,-999,OR
36032,Maysville,-999,PA
36033,Grafton,-999,NY
36034,Trail City,-999,SD
36035,Norway,-999,OR
36036,Sagamore,-999,PA
36037,Hoosick,-999,NY
36038,Lantry,-999,SD
36039,Riverton,-999,OR
36040,Pittstown,-999,NY
36041,Shay,-999,PA
36042,Parade,-999,SD
36043,Hauser,-999,OR
36044,Sand Lake,-999,NY
36045,Slate Lick,-999,PA
36046,Academy,-999,SD
36047,Stephentown,-999,NY
36048,Spring Church,-999,PA
36049,Ridgeview,-999,SD
36050,Tschetter Colony,-999,SD
36051,Cherryplain,-999,NY
36052,Yatesboro,-999,PA
36053,Bridger,-999,SD
36054,North Buffalo,-999,PA
36055,Lucas,-999,SD
36056,Glenville,-999,NY
36057,Cherry Creek,-999,SD
36058,Princetown,-999,NY
36059,Rosston,-999,PA
36060,Ardmore,-999,SD
36061,Glad Valley,-999,SD
36062,Igloo,-999,SD
36063,Agness,-999,OR
36064,Cadogan,-999,PA
36065,Red Elm,-999,SD
36066,Aladdin,-999,PA
36067,Provo,-999,SD
36068,Thunder Butte,-999,SD
36069,Carpenterville,-999,OR
36070,Schenley,-999,PA
36071,Rumford,-999,SD
36072,Iron Lightning,-999,SD
36073,Ophir,-999,OR
36074,North Creek,-999,OH
36075,Smithwick,-999,SD
36076,Boring,-999,OR
36077,Sixes,-999,OR
36078,Oral,-999,SD
36079,Burlington,-999,NY
36080,Rhododendron,-999,OR
36081,Petersburg,-999,OH
36082,Barlow,135,OR
36083,Woodworth,-999,OH
36084,Burdock,-999,SD
36085,Decatur,-999,NY
36086,Conquest,-999,NY
36087,Greenford,-999,OH
36088,Brightwood,-999,OR
36089,Maryland,-999,NY
36090,Whiteson,-999,OR
36091,Middlefield,-999,NY
36092,Fleming,-999,NY
36093,North Lima,-999,OH
36094,New Lisbon,-999,NY
36095,Genoa,-999,NY
36096,Nankin,-999,OH
36097,Troy,-999,SD
36098,Ira,-999,NY
36099,Rowsburg,-999,OH
36100,Elkhorn,-999,OR
36101,Pittsfield,-999,NY
36102,Richfield,-999,NY
36103,Ledyard,-999,NY
36104,Nova,-999,OH
36105,Miranda,-999,SD
36106,Adario,-999,OH
36107,Roseboom,-999,NY
36108,Locke,-999,NY
36109,Zell,-999,SD
36110,Madisonburg,-999,OH
36111,Springfield,-999,NY
36112,Montezuma,-999,NY
36113,Athol,-999,SD
36114,Lattasburg,-999,OH
36115,Niles,-999,NY
36116,Castle Rock,-999,SD
36117,Justus,-999,OH
36118,Westford,-999,NY
36119,Owasco,-999,NY
36120,Hoover,-999,SD
36121,Maximo,-999,OH
36122,Bennington,-999,NY
36123,Covington,-999,NY
36124,Sempronius,-999,NY
36125,North Industry,-999,OH
36126,Carpenter,-999,SD
36127,Eagle,-999,NY
36128,Winona,-999,OH
36129,Homestead,-999,OR
36130,Sennett,-999,NY
36131,Sterling,-999,NY
36132,West Point,-999,OH
36133,Keating,-999,OR
36134,Sheldon,-999,NY
36135,Brownlee,-999,OR
36136,Carlisle,-999,NY
36137,Throop,-999,NY
36138,Elkton,-999,OH
36139,Cornucopia,-999,OR
36140,Iselin,-999,PA
36141,Victory,-999,NY
36142,Charlton,-999,NY
36143,Arcadia,-999,PA
36144,Pine,-999,OR
36145,Clifton Park,-999,NY
36146,Lime,-999,OR
36147,Ambridge Heights,-999,PA
36148,Edinburg,-999,NY
36149,Perrydale,-999,OR
36150,Gringo,-999,PA
36151,Greenfield,-999,NY
36152,Valsetz,-999,OR
36153,Marion Hill,-999,PA
36154,Halfmoon,-999,NY
36155,Antone,-999,OR
36156,New Sheffield,-999,PA
36157,Stobo,-999,PA
36158,Agate Beach,-999,OR
36159,Malta,-999,NY
36160,Eddyville,-999,OR
36161,Unionville,-999,PA
36162,Northumberland,-999,NY
36163,Wilton,-999,NY
36164,Vanport,-999,PA
36165,Harlan,-999,OR
36166,Patricia,-999,SD
36167,Davidson Heights,-999,PA
36168,Logsden,-999,OR
36169,Vetal,-999,SD
36170,Paintersville,-999,PA
36171,Otis,-999,OR
36172,Harrington,-999,SD
36173,Hepburn,-999,OH
36174,Tuthill,-999,SD
36175,Grant,-999,OH
36176,Olsonville,-999,SD
36177,Roundhead,-999,OH
36178,Hidden Timber,-999,SD
36179,Fogelsville,-999,PA
36180,Carlton,-999,NY
36181,Warriors Mark,-999,PA
36182,Clarendon,-999,NY
36183,Harlem Springs,-999,OH
36184,Gaines,-999,NY
36185,Watertown,-999,OH
36186,Coal Run,-999,OH
36187,Bartlett,-999,OH
36188,Cutler,-999,OH
36189,Tylersville,-999,OH
36190,Woodsdale,-999,OH
36191,City View Heights,-999,OH
36192,Collinsville,-999,OH
36193,Gano,-999,OH
36194,Port Union,-999,OH
36195,Mayfield,-999,OH
36196,Miltonville,-999,OH
36197,Reily,-999,OH
36198,Maud,-999,OH
36199,McGonigle,-999,OH
36200,Pisgah,-999,OH
36201,West Middletown,-999,OH
36202,Huntsville,-999,OH
36203,Maustown,-999,OH
36204,Princeton,-999,OH
36205,Auburn,-999,OH
36206,Bethany,-999,OH
36207,Excello,-999,OH
36208,Layhigh,-999,OH
36209,Le Sourdsville,-999,OH
36210,Okeana,-999,OH
36211,Oneida,-999,OH
36212,Overpeck,-999,OH
36213,Saint Charles,-999,OH
36214,Shandon,-999,OH
36215,Blue Ball,-999,OH
36216,Hageman,-999,OH
36217,Red Lion,-999,OH
36218,Oregonia,-999,OH
36219,Socialville,-999,OH
36220,Dallasburg,-999,OH
36221,Hopkinsville,-999,OH
36222,Murdock,-999,OH
36223,Zoar,-999,OH
36224,New Burlington,-999,OH
36225,Westboro,-999,OH
36226,Cuba,-999,OH
36227,Luhrig,-999,OH
36228,Hebardville,-999,OH
36229,Shade,-999,OH
36230,Carbondale,-999,OH
36231,Hunterdon,-999,OH
36232,Sharpsburg,-999,OH
36233,Londonderry,-999,OH
36234,Massieville,-999,OH
36235,Fruitdale,-999,OH
36236,Spargursville,-999,OH
36237,Eagle Mills,-999,OH
36238,Allensville,-999,OH
36239,Creola,-999,OH
36240,Dodsonville,-999,OH
36241,Sugar Tree Ridge,-999,OH
36242,Marshall,-999,OH
36243,East Danville,-999,OH
36244,New Petersburg,-999,OH
36245,Brentwood,-999,OH
36246,Colerain Heights,-999,OH
36247,Ancor,-999,OH
36248,Taylors Creek,-999,OH
36249,Bevis,-999,OH
36250,Fernald,-999,OH
36251,Springvale,-999,OH
36252,Lindale,-999,OH
36253,Perintown,-999,OH
36254,Hamlet,-999,OH
36255,Locust Lake,-999,OH
36256,Olive Branch,-999,OH
36257,Willowville,-999,OH
36258,Epworth Heights,-999,OH
36259,Glen Este,-999,OH
36260,Locust Corner,-999,OH
36261,Branch Hill,-999,OH
36262,Macon,-999,OH
36263,Decatur,-999,OH
36264,Byer,-999,OH
36265,Roads,-999,OH
36266,Rocky Hill,-999,OH
36267,Dexter,-999,OH
36268,Chester,-999,OH
36269,Harrisonville,-999,OH
36270,Letart Falls,-999,OH
36271,Reedsville,-999,OH
36272,Jasper,-999,OH
36273,Wakefield,-999,OH
36274,Elm Grove,-999,OH
36275,Morgantown,-999,OH
36276,Omega,-999,OH
36277,Waverly,-999,OH
36278,Dunkinsville,-999,OH
36279,Addison,-999,OH
36280,Eureka,-999,OH
36281,Scioto Furnace,-999,OH
36282,Aid,-999,OH
36283,Arabia,-999,OH
36284,Kitts Hill,-999,OH
36285,Eagle,-999,PA
36286,Fairville,-999,PA
36287,Dixon,-999,NC
36288,Midway Park,-999,NC
36289,Frazer,-999,PA
36290,Ahloso,-999,OK
36291,Glenmoore,-999,PA
36292,Blanchard,-999,WA
36293,Center,-999,OK
36294,Bow,-999,WA
36295,Green Tree,-999,PA
36296,Fittstown,-999,OK
36297,Samish,-999,WA
36298,Guthriesville,-999,PA
36299,Ardenvoir,-999,WA
36300,Hickory Hill,-999,PA
36301,Lula,-999,OK
36302,Vanoss,-999,OK
36303,Azwell,-999,WA
36304,Homeville,-999,PA
36305,Buie,-999,NC
36306,Lucerne,-999,WA
36307,Jennersville,-999,PA
36308,Abbottsburg,-999,NC
36309,Merritt,-999,WA
36310,Kemblesville,-999,PA
36311,Jerome,-999,NC
36312,Monitor,-999,WA
36313,Kimberton,-999,PA
36314,Humphreys,-999,OK
36315,Peshastin,-999,WA
36316,Knauertown,-999,PA
36317,Creta,-999,OK
36318,Plain,-999,WA
36319,Landenberg,-999,PA
36320,Meers,-999,OK
36321,Stehekin,-999,WA
36322,Ludwigs Corner,-999,PA
36323,Marshallton,-999,PA
36324,Antioch,-999,OK
36325,Telma,-999,WA
36326,Winton,-999,WA
36327,Milltown,-999,PA
36328,Hennepin,-999,OK
36329,Greenbank,-999,WA
36330,Morstein,-999,PA
36331,White Bead,-999,OK
36332,Mabana,-999,WA
36333,New London,-999,PA
36334,Pernell,-999,OK
36335,Midvale Corner,-999,WA
36336,Parker Ford,-999,PA
36337,Purdy,-999,OK
36338,Glendale,-999,WA
36339,Russellville,-999,PA
36340,Rodman,-999,SC
36341,Maxwelton,-999,WA
36342,Sadsburyville,-999,PA
36343,Lando,-999,SC
36344,Possession,-999,WA
36345,Strafford,-999,PA
36346,San de Fuca,-999,WA
36347,Unionville,-999,PA
36348,Blackstock,-999,SC
36349,Cornwell,-999,SC
36350,Dungeness,-999,WA
36351,Valley Forge,-999,PA
36352,Joyce,-999,WA
36353,Willowdale,-999,PA
36354,Edgemoor,-999,SC
36355,Sappho,-999,WA
36356,Anselma,-999,PA
36357,Gluck,-999,SC
36358,La Push,-999,WA
36359,Bradford Hills,-999,PA
36360,Sandy Springs,-999,SC
36361,Murphys Corner,-999,WA
36362,Brandywine Manor,-999,PA
36363,Townville,-999,SC
36364,Larimers Corner,-999,WA
36365,Embreeville,-999,PA
36366,Marlboro,-999,SC
36367,Roosevelt,-999,WA
36368,Ercildoun,-999,PA
36369,Currie,-999,NC
36370,South Snohomish,-999,WA
36371,Glenloch,-999,PA
36372,Willard,-999,NC
36373,Fairmont,-999,WA
36374,Goshenville,-999,PA
36375,Maple Hill,-999,NC
36376,Canyon Park,-999,WA
36377,Hamorton,-999,PA
36378,Kennard Corner,-999,WA
36379,Kaolin,-999,PA
36380,Corum,-999,OK
36381,Sunray,-999,OK
36382,Seattle Heights,-999,WA
36383,Kelton,-999,PA
36384,Oil City,-999,OK
36385,Tulalip,-999,WA
36386,Lenape,-999,PA
36387,Bruno,-999,OK
36388,Loag,-999,PA
36389,Turner Corner,-999,WA
36390,Crystal,-999,OK
36391,Longwood,-999,PA
36392,Cavalero Corner,-999,WA
36393,Redden,-999,OK
36394,Lyndell,-999,PA
36395,High Rock,-999,WA
36396,Finley,-999,OK
36397,Northbrook,-999,PA
36398,Robe,-999,WA
36399,Nashoba,-999,OK
36400,Pocopson,-999,PA
36401,Silverton,-999,WA
36402,Moyers,-999,OK
36403,Lakewood,-999,WA
36404,Saint Peters,-999,PA
36405,Warwick,-999,PA
36406,Joy,-999,OK
36407,Alstown,-999,WA
36408,Westtown,-999,PA
36409,Burt,-999,OK
36410,Farmer,-999,WA
36411,Bacton,-999,PA
36412,Withrow,-999,WA
36413,Little Rock,-999,SC
36414,Pleasureville,-999,PA
36415,Floydale,-999,SC
36416,Douglas,-999,WA
36417,Antrim,-999,OH
36418,Westville,-999,SC
36419,Palisades,-999,WA
36420,Cassatt,-999,SC
36421,Beaver Valley,-999,WA
36422,Claysville,-999,OH
36423,Armstrongs Mills,-999,OH
36424,Chimacum,-999,WA
36425,Liberty Hill,-999,SC
36426,Monticello,-999,SC
36427,Barton,-999,OH
36428,Port Hadlock,-999,WA
36429,Jacobsburg,-999,OH
36430,Irondale,-999,WA
36431,Rion,-999,SC
36432,Somerton,-999,OH
36433,Kalaloch,-999,WA
36434,White Oak,-999,SC
36435,Leland,-999,WA
36436,Richtex,-999,SC
36437,Blue Rock,-999,OH
36438,Marshall,-999,WA
36439,Shelton,-999,SC
36440,Otsego,-999,OH
36441,Mont Clare,-999,SC
36442,Hatfield,-999,PA
36443,Deep Creek,-999,WA
36444,Leith,-999,PA
36445,Kinards,-999,SC
36446,Espanola,-999,WA
36447,Lynnwood,-999,PA
36448,Chappells,-999,SC
36449,Newman Lake,-999,WA
36450,New Rome,-999,OH
36451,Fox,-999,OK
36452,Nine Mile Falls,-999,WA
36453,Big Plain,-999,OH
36454,Cookietown,-999,OK
36455,Amber,-999,WA
36456,Concordville,-999,PA
36457,Golden,-999,OK
36458,Chattaroy,-999,WA
36459,Colbert,-999,WA
36460,Elwyn,-999,PA
36461,Pickens,-999,OK
36462,Essington,-999,PA
36463,Ringold,-999,OK
36464,Dishman,-999,WA
36465,Havertown,-999,PA
36466,Rufe,-999,OK
36467,East Farms,-999,WA
36468,Newtown Square,-999,PA
36469,Bokhoma,-999,OK
36470,Freeman,-999,WA
36471,Ogden,-999,PA
36472,Goodwater,-999,OK
36473,Rose Tree,-999,PA
36474,Hayford,-999,WA
36475,Harris,-999,OK
36476,Upper Darby,-999,PA
36477,Milan,-999,WA
36478,Tom,-999,OK
36479,Village Green,-999,PA
36480,Opportunity,-999,WA
36481,Epworth,-999,SC
36482,Villanova,-999,PA
36483,Otis Orchards,-999,WA
36484,Kirksey,-999,SC
36485,Plaza,-999,WA
36486,Wayne,-999,PA
36487,Verdery,-999,SC
36488,Trentwood,-999,WA
36489,Moylan,-999,PA
36490,Saint Charles,-999,SC
36491,Cheyney,-999,PA
36492,Tyler,-999,WA
36493,Elliott,295,SC
36494,Glen Riddle,-999,PA
36495,Veradale,-999,WA
36496,Wisacky,-999,SC
36497,Gradyville,-999,PA
36498,Beverly,-999,WA
36499,Freeland,-999,NC
36500,Green Ridge,-999,PA
36501,McDonald,-999,WA
36502,Smyrna,-999,WA
36503,Longwood,-999,NC
36504,Chadds Ford,-999,PA
36505,Stratford,-999,WA
36506,Lawrenceville,-999,OH
36507,Winnabow,-999,NC
36508,Wheeler,-999,WA
36509,Selma,-999,OH
36510,Poston,-999,SC
36511,Winchester,-999,WA
36512,Ava,-999,OH
36513,Effingham,-999,SC
36514,Ruff,-999,WA
36515,Harriettsville,-999,OH
36516,Cherry Grove Beach,-999,SC
36517,Royalton,-999,OH
36518,Lincoln,-999,WA
36519,Toddville,-999,SC
36520,McCuneville,-999,OH
36521,Homewood,-999,SC
36522,Irby,-999,WA
36523,Moxahala,-999,OH
36524,Longs,-999,SC
36525,Lamona,-999,WA
36526,Page Manor,-999,OH
36527,Long Lake,-999,WA
36528,Galivants Ferry,-999,SC
36529,Nixons Crossroads,-999,SC
36530,Mohler,-999,WA
36531,Woodbourne,-999,OH
36532,Centenary,-999,SC
36533,Mondovi,-999,WA
36534,Dayton,-999,OH
36535,Gresham,-999,SC
36536,Waukon,-999,WA
36537,Campbellstown,-999,OH
36538,Rains,-999,SC
36539,Edwall,-999,WA
36540,New Hope,-999,OH
36541,Miles,-999,WA
36542,Pee Dee,-999,SC
36543,Sycamore Valley,-999,OH
36544,Rollingbay,-999,WA
36545,Grady,-999,OK
36546,Brownsville,-999,OH
36547,Chattanooga,-999,OH
36548,Brownsville,-999,WA
36549,Boyden Arbor,-999,SC
36550,Malaga,-999,OH
36551,Manzanita,-999,WA
36552,Ballentine,-999,SC
36553,Alpha,-999,OH
36554,McKnight,-999,PA
36555,Port Blakely,-999,WA
36556,Ravenwood,-999,SC
36557,Neptune,-999,OH
36558,Gayly,-999,PA
36559,East Ringgold,-999,OH
36560,Bangor,-999,WA
36561,Reinersville,-999,OH
36562,Wateree,-999,SC
36563,Breidablick,-999,WA
36564,Valhalla,-999,NC
36565,Eagleport,-999,OH
36566,Horrel Hill,-999,SC
36567,Gladden,-999,PA
36568,Wabash,-999,OH
36569,Boma,-999,TN
36570,Central Valley,-999,WA
36571,Madison Mills,-999,OH
36572,Harmar Heights,-999,PA
36573,Lloydell,-999,PA
36574,Cumberland,-999,OK
36575,Tramway,-999,NC
36576,Eagledale,-999,WA
36577,Briceville,-999,TN
36578,Bakerton,-999,PA
36579,South Perry,-999,OH
36580,Alexander Mills,-999,NC
36581,Charm,-999,OH
36582,Enon,-999,NC
36583,McBride,-999,OK
36584,Eglon,-999,WA
36585,Chimney Rock,113,NC
36586,Big Prairie,-999,OH
36587,Shauck,-999,OH
36588,Linville,-999,NC
36589,South Bloomingville,-999,OH
36590,Somerdale,-999,OH
36591,New Hope,-999,NC
36592,Orr,-999,OK
36593,Williamsport,-999,OH
36594,Powell,-999,OK
36595,Erlands Point,-999,WA
36596,Union Furnace,-999,OH
36597,Stillwater,-999,OH
36598,Belfast,-999,NC
36599,Overbrook,-999,OK
36600,Martel,-999,OH
36601,Spear,-999,NC
36602,Fairview,-999,WA
36603,Whipple,-999,OH
36604,Horatio,-999,SC
36605,Grantville,-999,PA
36606,Patetown,-999,NC
36607,Morgana,-999,SC
36608,Meeker,-999,OH
36609,Stanleyville,-999,NC
36610,Pocalla Springs,-999,SC
36611,Jordan,-999,SC
36612,Ardara,-999,PA
36613,Olivia,-999,NC
36614,Ickesburg,-999,PA
36615,Bartles,-999,OH
36616,Gilberton,-999,WA
36617,New Zion,-999,SC
36618,Brightwood,-999,NC
36619,Loysville,-999,PA
36620,Watova,-999,OK
36621,Foreston,-999,SC
36622,Harper,-999,WA
36623,Crouse,-999,NC
36624,Armbrust,-999,PA
36625,Spencerville,-999,OK
36626,Julian,-999,NC
36627,New Bloomfield,1247,PA
36628,Bowring,-999,OK
36629,Sedgefield,-999,NC
36630,Triangle,-999,NC
36631,Buckingham,-999,PA
36632,Gray Horse,-999,OK
36633,Bell Point,-999,PA
36634,Rimini,-999,SC
36635,Bellemont,-999,NC
36636,Laboratory,-999,NC
36637,Edgely,-999,PA
36638,Nelagoney,-999,OK
36639,Boquet,-999,PA
36640,Kitsap Lake,-999,WA
36641,Nesmith,-999,SC
36642,Speer,-999,OK
36643,Bethesda,-999,NC
36644,Herd,-999,OK
36645,Fallsington,-999,PA
36646,Boger City,-999,NC
36647,Bovard,-999,PA
36648,Bahama,-999,NC
36649,Cades,-999,SC
36650,East Lake,-999,NC
36651,Hulah,-999,OK
36652,Holland,-999,PA
36653,Camp Jo-Ann,-999,PA
36654,Olalla,-999,WA
36655,Pierce,-999,OK
36656,Meriwether,-999,SC
36657,Salters,-999,SC
36658,Claridge,-999,PA
36659,Albert,-999,OK
36660,Hopeton,-999,OK
36661,Neshaminy,-999,PA
36662,Stumpy Point,-999,NC
36663,Lone Star,-999,SC
36664,Congruity,-999,PA
36665,Alfalfa,-999,OK
36666,Fairvalley,-999,OK
36667,Oakford,-999,PA
36668,Bogota,-999,TN
36669,Cowansburg,-999,PA
36670,Courtney,-999,OK
36671,Tegarden,-999,OK
36672,West Bristol,-999,PA
36673,Battleboro,-999,NC
36674,Fort Motte,-999,SC
36675,Stecker,-999,OK
36676,Darragh,-999,PA
36677,Newportville Terrace,-999,PA
36678,Solway,-999,TN
36679,Centralia,-999,OK
36680,Eastwood,-999,PA
36681,Bath,-999,SC
36682,Southampton,-999,PA
36683,Alden,-999,OK
36684,Westel,-999,TN
36685,Oglesby,-999,OK
36686,Forbes Road,-999,PA
36687,Montmorenci,-999,SC
36688,Warminster,-999,PA
36689,Boone,-999,OK
36690,Lacey,-999,OK
36691,Warrington,-999,PA
36692,Eureka,-999,SC
36693,Salt Fork,-999,OK
36694,Hahntown,-999,PA
36695,Broxton,-999,OK
36696,Lovell,-999,OK
36697,Ankenytown,-999,OH
36698,Vaucluse,-999,SC
36699,Cogar,-999,OK
36700,Seward,-999,OK
36701,Brandon,-999,OH
36702,Sand Creek,-999,OK
36703,Jones Mills,-999,PA
36704,Graves,-999,SC
36705,Spring Creek,-999,OK
36706,Jelloway,-999,OH
36707,Eagle City,-999,OK
36708,Clyde,-999,OK
36709,Larimer,-999,PA
36710,Plantersville,-999,SC
36711,Addie,-999,NC
36712,Mount Liberty,-999,OH
36713,Homestead,-999,OK
36714,Driftwood,-999,OK
36715,Cross,-999,SC
36716,Balsam,-999,NC
36717,Luxor,-999,PA
36718,Avon Heights,-999,PA
36719,Southard,-999,OK
36720,Ingersoll,-999,OK
36721,Oakley,-999,SC
36722,Derita,-999,NC
36723,Mamont,-999,PA
36724,Pineville,-999,SC
36725,Paw Creek,-999,NC
36726,Marguerite,-999,PA
36727,Hickory Grove,-999,NC
36728,Byhalia,-999,OH
36729,Shulerville,-999,SC
36730,Markle,-999,PA
36731,Glendon,-999,NC
36732,Peoria,-999,OH
36733,Wando,-999,SC
36734,McWillie,-999,OK
36735,Alcoa Center,-999,PA
36736,West End,-999,NC
36737,Broadway,-999,OH
36738,Alvin,-999,SC
36739,Maplewood,-999,OH
36740,Mount Holly,-999,SC
36741,Bishop,-999,PA
36742,Bethera,-999,SC
36743,Buffalo,-999,PA
36744,Cherry Valley,-999,PA
36745,Grover,-999,SC
36746,Middletown,-999,PA
36747,Roberta Mill,-999,NC
36748,Yewed,-999,OK
36749,Carleton,-999,OK
36750,Mayfield,-999,OK
36751,Chilocco,-999,OK
36752,Fay,-999,OK
36753,Dorchester,-999,SC
36754,Milligantown,-999,PA
36755,Courtney,-999,PA
36756,Peckham,-999,OK
36757,Burmah,-999,OK
36758,Hendersonville,-999,SC
36759,Newlonsburg,-999,PA
36760,Tuxedo,-999,NC
36761,Uncas,-999,OK
36762,Ashton,-999,SC
36763,Fontana Village,-999,NC
36764,North Washington,-999,PA
36765,Cowden,-999,PA
36766,Cestos,-999,OK
36767,Ruffin,-999,SC
36768,Retrop,-999,OK
36769,Paulton,-999,PA
36770,Fisher,-999,PA
36771,Hardy,-999,OK
36772,Lenora,-999,OK
36773,Green Pond,-999,SC
36774,Cordell,2915,OK
36775,Perryville,-999,PA
36776,Linden,-999,PA
36777,Selman,-999,OK
36778,Rhea,-999,OK
36779,Canadys,-999,SC
36780,Pearson,-999,OK
36781,Pleasant Unity,-999,PA
36782,Manifold,-999,PA
36783,Burton,-999,OK
36784,Stella,-999,TN
36785,Pleasant Valley,-999,PA
36786,Meadow Lands,822,PA
36787,Trail,-999,OK
36788,Martin,-999,SC
36789,Baron,-999,OK
36790,Millett,-999,SC
36791,Castaneda,-999,OK
36792,Cedar Mountain,-999,NC
36793,Pricedale,-999,PA
36794,Midland,-999,PA
36795,Rillton,-999,PA
36796,Moninger,-999,PA
36797,Cummings,-999,SC
36798,Conrad,-999,OK
36799,Lake Toxaway,-999,NC
36800,Buladean,-999,NC
36801,Miley,-999,SC
36802,Salina,-999,PA
36803,Early Branch,-999,SC
36804,Ledger,-999,NC
36805,Murry Hill,-999,PA
36806,Sturgis,-999,OK
36807,Sardis,-999,PA
36808,Pisgah Forest,-999,NC
36809,Wheeless,-999,OK
36810,Southwest,-999,PA
36811,Crowders,-999,NC
36812,Garnett,-999,SC
36813,Poplar,-999,NC
36814,Primrose,-999,PA
36815,Coosawhatchie,-999,SC
36816,Collettsville,-999,NC
36817,Strabane,-999,PA
36818,Adams,-999,OK
36819,Sunset Valley,-999,PA
36820,South Gastonia,-999,NC
36821,Pineland,-999,SC
36822,Whitnel,-999,NC
36823,Baker,-999,OK
36824,Trees Mills,-999,PA
36825,Fort Barnwell,-999,NC
36826,Thomas,-999,PA
36827,Eva,-999,OK
36828,Truxall,-999,PA
36829,Tillman,-999,SC
36830,Ernul,-999,NC
36831,Venice,-999,PA
36832,Yadkin Valley,-999,NC
36833,Hough,-999,OK
36834,United,-999,PA
36835,Grays Hill,-999,SC
36836,Bald Creek,-999,NC
36837,Mill Spring,-999,NC
36838,Wickerham Manor,-999,PA
36839,Wendel,-999,PA
36840,Mouser,-999,OK
36841,Sheldon,-999,SC
36842,Celo,-999,NC
36843,West Shiloh,-999,TN
36844,Candor,-999,PA
36845,West Vandergrift,-999,PA
36846,Frogmore,-999,SC
36847,Woodrow,-999,PA
36848,Micaville,-999,NC
36849,Balko,-999,OK
36850,Blissfield,-999,OH
36851,Honobia,-999,OK
36852,Westmoreland City,-999,PA
36853,Daufuskie Landing,-999,SC
36854,De Rossett,-999,TN
36855,Cooperdale,-999,OH
36856,Tucker,-999,OK
36857,Hannastown,-999,PA
36858,Lobeco,-999,SC
36859,Elmwood,-999,OK
36860,Neuse,-999,NC
36861,Keene,-999,OH
36862,Centerville,-999,SC
36863,Slapout,-999,OK
36864,Page,-999,OK
36865,Smithdale,-999,PA
36866,New Hope,-999,NC
36867,Bala-Cynwyd,-999,PA
36868,Johns Island,-999,SC
36869,Boyd,-999,OK
36870,Geigertown,-999,PA
36871,Leflore,190,OK
36872,Luck,-999,NC
36873,Floris,-999,OK
36874,Joanna,-999,PA
36875,Octavia,-999,OK
36876,Center Square,-999,PA
36877,Edisto Island,-999,SC
36878,Walnut,-999,NC
36879,Gray,-999,OK
36880,Wyomissing Hills,-999,PA
36881,Gladwyne,-999,PA
36882,Zafra,-999,OK
36883,Saint Andrews,-999,SC
36884,Scarlets Mill,-999,PA
36885,Graterford,-999,PA
36886,Agawam,-999,OK
36887,Fragaria,-999,WA
36888,Farmington,-999,NC
36889,Waldron,-999,WA
36890,Logan,-999,OK
36891,Haverford,-999,PA
36892,Cox City,-999,OK
36893,High Rock,-999,NC
36894,Sunrise Beach,-999,WA
36895,Mocane,-999,OK
36896,Limerick,-999,PA
36897,Quinlan,-999,OK
36898,Middleberg,-999,OK
36899,Bakerstown Station,-999,PA
36900,Belva,-999,OK
36901,Linfield,-999,PA
36902,Berlin,-999,OK
36903,Annapolis,-999,WA
36904,Bauerstown,-999,PA
36905,Curtis,-999,OK
36906,Melrose Park,-999,PA
36907,Carpenter,-999,OK
36908,Sunset Beach,-999,WA
36909,Blanchard,-999,PA
36910,Eucha,-999,OK
36911,Mont Clare,-999,PA
36912,Wautauga Beach,-999,WA
36913,Grimes,-999,OK
36914,South Tunnel,-999,TN
36915,Oaks,-999,PA
36916,Bon Meade,-999,PA
36917,Strandell,-999,WA
36918,Crawford,-999,OK
36919,Shawanee,-999,TN
36920,Prospectville,-999,PA
36921,Bower Hill,-999,PA
36922,Diablo,-999,WA
36923,Dempsey,-999,OK
36924,Arthur,-999,TN
36925,Rosemont,-999,PA
36926,Broughton,-999,PA
36927,Herring,-999,OK
36928,Sumner,-999,OK
36929,Wynnewood,-999,PA
36930,Buena Vista,-999,PA
36931,Newhalem,-999,WA
36932,Carnot,-999,PA
36933,Van Zandt,-999,WA
36934,Breckinridge,245,OK
36935,Elkins Park,-999,PA
36936,Roll,-999,OK
36937,Kilkenny,-999,NC
36938,Harmon,-999,OK
36939,Roslyn,-999,PA
36940,Cecil,-999,PA
36941,Wickersham,-999,WA
36942,Belvedere,-999,WA
36943,Bethayres,-999,PA
36944,Creighton,-999,PA
36945,Mackeys,-999,NC
36946,Catesby,-999,OK
36947,Tabler,-999,OK
36948,Glendale Springs,-999,NC
36949,Culmerville,-999,PA
36950,Glenwood,-999,NC
36951,Koontzville,-999,WA
36952,Gwynedd Valley,-999,PA
36953,Corbett,-999,OK
36954,Aeneas,-999,WA
36955,Dorseyville,-999,PA
36956,Woodlawn,-999,NC
36957,Warrensville,-999,NC
36958,Worcester,-999,PA
36959,Taft,-999,TN
36960,Ashport,-999,TN
36961,Carlton,-999,WA
36962,Wilder,-999,TN
36963,Fairoaks,-999,PA
36964,Abington,-999,PA
36965,Belvidere,-999,TN
36966,Roaring Gap,-999,NC
36967,Avery,-999,OK
36968,Chesaw,-999,WA
36969,Federal,-999,PA
36970,Bannertown,-999,NC
36971,Coleridge,-999,NC
36972,Condit,-999,OH
36973,Criner,-999,OK
36974,Forest Grove,-999,PA
36975,Cordell,-999,WA
36976,Rockford,-999,NC
36977,Sophia,-999,NC
36978,Lewis Center,-999,OH
36979,Scaly Mountain,-999,NC
36980,Mazama,-999,WA
36981,State Road,-999,NC
36982,Tallassee,-999,TN
36983,Glendale,-999,PA
36984,Germano,-999,OH
36985,Lowland,-999,NC
36986,Gates,-999,NC
36987,Alnwick,-999,TN
36988,Glenwillard,-999,PA
36989,Piedmont,-999,OH
36990,Molson,-999,WA
36991,Florence,-999,NC
36992,Jarvisburg,-999,NC
36993,Groveton,-999,PA
36994,Bonlee,-999,NC
36995,Blocker,-999,OK
36996,Unionvale,-999,OH
36997,Monse,-999,WA
36998,Barco,-999,NC
36999,Bynum,-999,NC
37000,Harmarville,-999,PA
37001,Scipio,-999,OK
37002,Walnut Bottom,-999,PA
37003,Nighthawk,-999,WA
37004,Corolla,-999,NC
37005,Haywood,-999,NC
37006,Loysburg,-999,PA
37007,Highcliff,-999,PA
37008,Weathers,-999,OK
37009,Queen,-999,PA
37010,Indianola,-999,PA
37011,Culberson,-999,NC
37012,Synarep,-999,WA
37013,Currituck,-999,NC
37014,Woodleaf,-999,NC
37015,Ellisforde,-999,WA
37016,Point Harbor,-999,NC
37017,Industry,-999,PA
37018,Hiwassee,-999,NC
37019,Riddlesburg,-999,PA
37020,Preston,-999,OK
37021,Ford,-999,WA
37022,Poplar Branch,-999,NC
37023,Kenmawr,-999,PA
37024,Cedonia,-999,WA
37025,Shawboro,-999,NC
37026,Laurel Gardens,-999,PA
37027,Topton,-999,NC
37028,Bareville,-999,PA
37029,Nuyaka,-999,OK
37030,Cambridge,-999,PA
37031,Briartown,-999,OK
37032,Fruitland,-999,WA
37033,Grandy,-999,NC
37034,Library,-999,PA
37035,Bonnie Doone,-999,NC
37036,Hunters,-999,WA
37037,Cumberland,-999,NC
37038,Knotts Island,-999,NC
37039,Millerstown,-999,PA
37040,Holtwood,-999,PA
37041,Keefton,-999,OK
37042,Pine Hall,-999,NC
37043,Montrose Hill,-999,PA
37044,Leacock,-999,PA
37045,Enka,-999,NC
37046,Cleveland,-999,SC
37047,Wellpinit,-999,WA
37048,Moon,-999,PA
37049,Daisy,-999,WA
37050,Marietta,-999,SC
37051,Jupiter,-999,NC
37052,Sandy Ridge,-999,NC
37053,Concord,-999,PA
37054,Moon Run,-999,PA
37055,Evans,-999,WA
37056,Dillingham,-999,NC
37057,Shiloh,-999,NC
37058,Slater,-999,SC
37059,Dry Run,-999,PA
37060,Morgan,-999,PA
37061,Fannettsburg,-999,PA
37062,South Wadesboro,-999,NC
37063,Gifford,-999,WA
37064,Vaughan,-999,NC
37065,Skyland,-999,NC
37066,Moore,-999,SC
37067,Leadpoint,-999,WA
37068,Wise,-999,NC
37069,Wildersville,-999,TN
37070,Mount Nebo,-999,PA
37071,Roxbury,-999,PA
37072,Pacolet Mills,-999,SC
37073,Marble,-999,WA
37074,George,-999,NC
37075,West Smithfield,-999,NC
37076,Mount Vernon,-999,PA
37077,Jenners,-999,PA
37078,Pauline,-999,SC
37079,Rice,-999,WA
37080,Hurdle Mills,-999,NC
37081,Niverton,-999,PA
37082,Chinquapin,-999,NC
37083,Stafford,-999,OK
37084,Natrona Heights,-999,PA
37085,Camden,-999,WA
37086,Timberlake,-999,NC
37087,Summit Station,-999,OH
37088,Fountain,-999,NC
37089,Indianapolis,-999,OK
37090,Perrysville,-999,PA
37091,Lost Creek,-999,WA
37092,Moorewood,-999,OK
37093,Jacksontown,-999,OH
37094,Cherokee Falls,-999,SC
37095,Longhurst,-999,NC
37096,Piney Fork,-999,PA
37097,Ledbetter,-999,NC
37098,Townsville,-999,NC
37099,Westover,-999,TN
37100,Toboso,-999,OH
37101,Ruby,-999,WA
37102,Presto,-999,PA
37103,Brasstown,-999,NC
37104,Price,-999,NC
37105,Usk,-999,WA
37106,Bucktown,-999,PA
37107,Bemis,-999,TN
37108,Leasburg,-999,NC
37109,Tiger,-999,WA
37110,Hazelwood,-999,NC
37111,Chatham,-999,PA
37112,Rural Ridge,-999,PA
37113,Cold Springs,-999,OK
37114,Pelham,-999,NC
37115,Dalkena,-999,WA
37116,Cruso,-999,NC
37117,Santiago,-999,PA
37118,Babbs,-999,OK
37119,Chatwood,-999,PA
37120,Providence,-999,NC
37121,Covada,-999,WA
37122,Cambridge,-999,OK
37123,Chester Springs,-999,PA
37124,Allons,-999,TN
37125,Pike Road,-999,NC
37126,Talley Cavey,-999,PA
37127,Kewa,-999,WA
37128,Treveskyn,-999,PA
37129,Pamlico Beach,-999,NC
37130,Komalty,-999,OK
37131,Devault,-999,PA
37132,Alpine,-999,TN
37133,Richardson,-999,WA
37134,Walkers Mill,-999,PA
37135,Milltown,-999,TN
37136,Belfast,-999,TN
37137,Lugert,-999,OK
37138,Shaw Island,-999,WA
37139,Warrendale,-999,PA
37140,Otway,-999,NC
37141,Palmyra,-999,NC
37142,Swanquarter,324,NC
37143,Orcas,-999,WA
37144,Wexford,-999,PA
37145,Merrimon,-999,NC
37146,Boatman,-999,OK
37147,Beechgrove,-999,TN
37148,Rosario,-999,WA
37149,Wildwood,-999,PA
37150,Sealevel,-999,NC
37151,Pryor,9539,OK
37152,Summitville,-999,TN
37153,Eastsound,-999,WA
37154,Blaine Hill,-999,PA
37155,Salter Path,-999,NC
37156,Weeksville,-999,NC
37157,Urban,-999,WA
37158,Lauada,-999,NC
37159,Brinkman,-999,OK
37160,Similk Beach,-999,WA
37161,Whittier,-999,NC
37162,Orienta,-999,OK
37163,Orion,-999,OK
37164,Alarka,-999,NC
37165,Reed,-999,OK
37166,Hester,-999,OK
37167,Wynnburg,-999,TN
37168,Almond,-999,NC
37169,Tradesville,-999,SC
37170,McGrady,-999,NC
37171,Aqua Park,-999,OK
37172,Yanush,-999,OK
37173,Alsuma,-999,OK
37174,Welty,-999,OK
37175,Arnett,-999,OK
37176,Vinson,-999,OK
37177,Leonard,-999,OK
37178,Colon,-999,NC
37179,Laxon,-999,NC
37180,McKnight,-999,OK
37181,Sugar Grove,-999,NC
37182,McQueen,-999,OK
37183,Center Hill,-999,NC
37184,Verona,-999,NC
37185,Lewiston,-999,WI
37186,Cato,-999,WI
37187,Lowville,-999,WI
37188,Cooperstown,-999,WI
37189,Marcellon,-999,WI
37190,Manitowoc Rapids,-999,WI
37191,Lenore,-999,WV
37192,Maple Grove,-999,WI
37193,Meeme,-999,WI
37194,Otsego,-999,WI
37195,West Gate,-999,VA
37196,Shelby,-999,MI
37197,Wharncliffe,-999,WV
37198,Newton,-999,WI
37199,Black Hawk,-999,WI
37200,Gandeeville,-999,WV
37201,Clinton,-999,MI
37202,Myrtle,-999,WV
37203,Two Creeks,-999,WI
37204,Leland,-999,WI
37205,Walton,-999,WV
37206,Anthoston,-999,KY
37207,Union Lake,-999,MI
37208,North Springfield,-999,OR
37209,Woodfords,-999,CA
37210,Valton,-999,WI
37211,Westacres,-999,MI
37212,Cairo,-999,KY
37213,Alderley,-999,WI
37214,Rosedale,-999,WV
37215,River Road,-999,OR
37216,Waterford,-999,MI
37217,Smith Mills,-999,KY
37218,Orlando,-999,WV
37219,Knowles,11,WI
37220,Amesbury,16283,MA
37221,Zion,-999,KY
37222,Richwood,-999,WI
37223,Strange Creek,-999,WV
37224,Cutler,441,WI
37225,Philpot,-999,KY
37226,Dayton,-999,WI
37227,Astico,-999,WI
37228,Birds,-999,IL
37229,Kilkare Woods,-999,CA
37230,Postville,-999,WI
37231,Oak Grove,-999,WI
37232,Foster,-999,KY
37233,Rubicon,-999,WI
37234,Komandorski Village,-999,CA
37235,Clarno,-999,WI
37236,Dunmore,-999,WV
37237,Finley,-999,WI
37238,Mount Eden,-999,CA
37239,Exeter,-999,WI
37240,Minnehaha Springs,-999,WV
37241,Carrollton,-999,MI
37242,Avalon,-999,WI
37243,Russell City,-999,CA
37244,Slaty Fork,-999,WV
37245,Bloom City,-999,WI
37246,Lemonweir,-999,WI
37247,Cooksville,-999,WI
37248,Yosemite Village,-999,CA
37249,Wildell,-999,WV
37250,Loyd,-999,WI
37251,Lindina,-999,WI
37252,Johnstown Center,-999,WI
37253,Dekoven,-999,KY
37254,Frost,-999,WV
37255,Ithaca,-999,WI
37256,Big Spring,84,WI
37257,Leyden,-999,WI
37258,Meadow Creek,-999,WV
37259,Edray,-999,WV
37260,Orion,-999,WI
37261,Rockbridge,-999,WI
37262,Brooks,-999,WI
37263,Avon,-999,WI
37264,Brooks,-999,WV
37265,Cleveland,-999,WV
37266,Monroe Center,-999,WI
37267,Fulton,-999,WI
37268,Lancaster,-999,VA
37269,Sylvan,-999,WI
37270,Erbacon,-999,WV
37271,White Creek,-999,WI
37272,Colgate,-999,WI
37273,Johnstown,-999,WI
37274,Glen Rogers,-999,WV
37275,Hacker Valley,-999,WV
37276,Plainville,-999,WI
37277,Herndon,-999,WV
37278,Plat,-999,WI
37279,Magnolia,-999,WI
37280,Bolair,-999,WV
37281,Big Flats,-999,WI
37282,Newark,-999,WI
37283,Diana,-999,WV
37284,Rockfield,-999,WI
37285,Maben,-999,WV
37286,Jerryville,-999,WV
37287,Addison,-999,WI
37288,Raymond,-999,CA
37289,Spring Valley,-999,WI
37290,Huddy,-999,KY
37291,Union,-999,WI
37292,Webster Springs,-999,WV
37293,Barton,-999,WI
37294,Zebulon,-999,KY
37295,Easton,-999,WI
37296,Lake Beulah,-999,WI
37297,Wayne,-999,WI
37298,Arden Town,-999,CA
37299,Strongs Prairie,-999,WI
37300,Cromwell,-999,KY
37301,La Grange,-999,WI
37302,Hat Creek,-999,WY
37303,Toms Place,-999,CA
37304,Auroraville,-999,WI
37305,Lyons,-999,WI
37306,Gap Mills,-999,WV
37307,Keeline,-999,WY
37308,Plymouth,-999,WV
37309,Silver Lake,-999,WI
37310,Lindside,-999,WV
37311,Spring Prairie,-999,WI
37312,Redbird,-999,WY
37313,Scott Depot,-999,WV
37314,West Bloomfield,-999,WI
37315,Orpha,-999,WY
37316,Robertsburg,-999,WV
37317,Sweet Springs,-999,WV
37318,Troy,-999,WI
37319,Borth,-999,WI
37320,Waiteville,-999,WV
37321,Franksville,-999,WI
37322,Shawnee,-999,WY
37323,Lizemores,-999,WV
37324,Parkerton,-999,WY
37325,Ivydale,-999,WV
37326,Dakota,-999,WI
37327,Greenville,-999,WV
37328,North Cape,-999,WI
37329,Raymond,-999,WI
37330,Boxelder,-999,WY
37331,Swandale,-999,WV
37332,Los Trancos Woods,-999,CA
37333,Mount Morris,-999,WI
37334,Bill,-999,WY
37335,Hernshaw,-999,WV
37336,Redwood Terrace,-999,CA
37337,Yorkville,-999,WI
37338,Richford,-999,WI
37339,Delmar,-999,NY
37340,Allendale,-999,WY
37341,Pocatalico,-999,WV
37342,San Gregorio,-999,CA
37343,Saxeville,-999,WI
37344,Calamine,-999,WI
37345,Sky Londa,-999,CA
37346,Arminto,-999,WY
37347,Ward,-999,WV
37348,Blakeley,-999,WV
37349,Paradise Valley,-999,WY
37350,Highlands,-999,CA
37351,Elk Grove,-999,WI
37352,Allenville,-999,WI
37353,Powhatan,-999,VA
37354,Fayette,-999,WI
37355,Leewood,-999,WV
37356,Natrona,-999,WY
37357,Iantha,-999,MO
37358,Lamont,-999,WI
37359,Malden,-999,WV
37360,Hiland,-999,WY
37361,Larsen,-999,WI
37362,Zela,-999,WV
37363,Waltman,-999,WY
37364,Oskaloosa,-999,MO
37365,New Diggings,-999,WI
37366,Wiota,-999,WI
37367,Mount Nebo,-999,WV
37368,Holton,-999,MI
37369,Poole,-999,KY
37370,Trufant,-999,MI
37371,Hilmar,-999,CA
37372,White Pines,-999,CA
37373,Woodbury,-999,MI
37374,Pickett,-999,WI
37375,Irwin,-999,CA
37376,Vestaburg,-999,MI
37377,Whately,-999,MA
37378,Altaville,-999,CA
37379,Winnebago,-999,WI
37380,Black Wolf,-999,WI
37381,Dundas,-999,WI
37382,Bronx,-999,WY
37383,Big Clifty,-999,KY
37384,Greenfield,17456,MA
37385,Wilseyville,-999,CA
37386,Camp Creek,-999,WV
37387,Merna,-999,WY
37388,Summit,-999,KY
37389,Southbridge,16719,MA
37390,Brothertown,-999,WI
37391,Big Sandy,-999,WY
37392,Pettry,-999,WV
37393,Hitchins,-999,KY
37394,New Munster,-999,WI
37395,Calpet,-999,WY
37396,Arista,-999,WV
37397,Harrison,-999,WI
37398,Brighton,-999,WI
37399,Dardanelle,-999,CA
37400,Ingleside,-999,WV
37401,Fairview,-999,WI
37402,Clareton,-999,WY
37403,Paris,-999,WI
37404,Big Oak Flat,-999,CA
37405,Cedar Grove,-999,CA
37406,Four Corners,-999,WY
37407,Mount Zion,-999,WI
37408,Moccasin,-999,CA
37409,Pinedale,-999,CA
37410,Bridgeport,-999,WI
37411,Salem,-999,WI
37412,Walhalla,-999,MI
37413,Dunlow,-999,WV
37414,Herndon,-999,CA
37415,Seneca,-999,WI
37416,Somers,-999,WI
37417,Lakeshore,-999,CA
37418,East Lynn,-999,WV
37419,Elkol,-999,WY
37420,Wheatland,-999,WI
37421,Long Island,-999,ME
37422,Pinehurst,-999,CA
37423,Webb,-999,WV
37424,Frontier,-999,WY
37425,South Torrington,-999,WY
37426,Chebeague Island,-999,ME
37427,Rolinda,-999,CA
37428,Kiahsville,-999,WV
37429,Sage,-999,WY
37430,Sunrise,-999,WY
37431,Tollhouse,-999,CA
37432,Fairdale,-999,KY
37433,Frye Island,-999,ME
37434,Bordeaux,-999,WY
37435,Daleyville,-999,WI
37436,Trimmer,-999,CA
37437,Fern Creek,-999,KY
37438,Highview,-999,KY
37439,Burrel,-999,CA
37440,London,-999,WI
37441,Cassa,-999,WY
37442,Natwick,-999,WY
37443,Martinsville,-999,WI
37444,Buechel,-999,KY
37445,Squire,-999,WV
37446,Eckman,-999,WV
37447,Del Mar Woods,-999,IL
37448,Albion,-999,WI
37449,Saint Dennis,-999,KY
37450,Chase,-999,MI
37451,Burke,-999,WI
37452,Valley Station,-999,KY
37453,Jenkinjones,-999,WV
37454,Winthrop,17497,MA
37455,Idlewild,-999,MI
37456,Monta Vista,-999,CA
37457,Dunkirk,-999,WI
37458,Newburg,-999,KY
37459,Whittaker,-999,MI
37460,Rancho Rinconada,-999,CA
37461,Montrose,-999,WI
37462,Okolona,-999,KY
37463,Willow Run,-999,MI
37464,Angelo,-999,WI
37465,Deep Springs,-999,CA
37466,Primrose,-999,WI
37467,Pleasure Ridge Park,-999,KY
37468,Worden,-999,MI
37469,Laws,-999,CA
37470,Roxbury,-999,WI
37471,Broad Fields,-999,KY
37472,Lamont,-999,WY
37473,Clifton,-999,WI
37474,Bartlett,-999,CA
37475,Rutland,-999,WI
37476,Leo,-999,WY
37477,Louisville,597337,KY
37478,Vermont,-999,WI
37479,Hampton,-999,KY
37480,Muddy Gap,-999,WY
37481,Springlee,-999,KY
37482,Glendale,-999,WI
37483,Cleaton,-999,KY
37484,Clyde,-999,WI
37485,Savery,-999,WY
37486,Branchland,-999,WV
37487,Graham,-999,KY
37488,Mifflin,-999,WI
37489,Leon,-999,WI
37490,Moorman,-999,KY
37491,Moscow,-999,WI
37492,Seminoe Dam,-999,WY
37493,Ferrellsburg,-999,WV
37494,Walcott,-999,WY
37495,Griffithsville,-999,WV
37496,Opal Cliffs,-999,CA
37497,Waldwick,-999,WI
37498,McFadden,-999,WY
37499,Dinwiddie,-999,VA
37500,Wyoming,-999,WI
37501,Almonte,-999,CA
37502,Portland,-999,WI
37503,Bosler,-999,WY
37504,Concord,-999,KY
37505,Stitzer,-999,WI
37506,Black Point,-999,CA
37507,Buford,-999,WY
37508,Mindoro,-999,WI
37509,Werley,-999,WI
37510,Lagunitas,-999,CA
37511,Lone Oak,-999,KY
37512,Red Buttes,-999,WY
37513,Beetown,-999,WI
37514,Moody,-999,MO
37515,Lucas Valley,-999,CA
37516,Stevenstown,-999,WI
37517,Tie Siding,-999,WY
37518,Ellenboro,-999,WI
37519,Gray,-999,KY
37520,University Heights,-999,VA
37521,Putney,-999,KY
37522,Barracks,-999,VA
37523,Wilcox,-999,WY
37524,Hickory Grove,-999,WI
37525,Burns,-999,WI
37526,Totz,-999,KY
37527,Wyoming,-999,WY
37528,Commonwealth,-999,VA
37529,Millville,-999,WI
37530,Allison Gap,-999,VA
37531,Woods Landing,-999,WY
37532,Rio,-999,VA
37533,Mount Ida,-999,WI
37534,Medary,-999,WI
37535,Canton,-999,KY
37536,Jelm,-999,WY
37537,Trout,-999,WV
37538,Wyalusing,-999,WI
37539,Shelby,-999,WI
37540,Braintree,-999,MA
37541,Anthony,-999,WV
37542,Aztalan,-999,WI
37543,Avard,-999,OK
37544,Weymouth,-999,MA
37545,Hamilton Dome,-999,WY
37546,Caldwell,-999,WV
37547,Cold Spring,-999,WI
37548,El Prado,-999,NM
37549,Palmer,12140,MA
37550,Clearco,-999,WV
37551,Concord,-999,WI
37552,Paicines,-999,CA
37553,Grass Creek,-999,WY
37554,Three Rivers,-999,MA
37555,Farmington,-999,WI
37556,San Benito,-999,CA
37557,Clintonville,-999,WV
37558,Koshkonong,-999,WI
37559,Idria,-999,CA
37560,Frankford,-999,WV
37561,Bonneville,-999,WY
37562,Bitter Creek,-999,WY
37563,Milford,-999,WI
37564,Woodbine,-999,KY
37565,Quinnimont,-999,WV
37566,Burntfork,-999,WY
37567,Kinnear,-999,WY
37568,Oakland,-999,WI
37569,Blackmont,-999,KY
37570,Clifftop,-999,WV
37571,Creston,-999,WY
37572,Buena Vista,-999,WI
37573,Carmel Valley,-999,CA
37574,Kingston,-999,WV
37575,Riner,-999,WY
37576,Lost Cabin,-999,WY
37577,Edgewood,-999,WI
37578,Bryan,-999,WY
37579,Nallen,-999,WV
37580,Parkfield,-999,CA
37581,Sand Draw,-999,WY
37582,Gatewood,-999,MO
37583,Genesee Depot,-999,WI
37584,Monell,-999,WY
37585,Danese,-999,WV
37586,Jericho,-999,WI
37587,Quealy,-999,WY
37588,Lookout,-999,WV
37589,Poynor,-999,MO
37590,Lake Five,-999,WI
37591,Bradleyville,-999,MO
37592,Thayer Junction,-999,WY
37593,Jeffrey,-999,WV
37594,Boysen,-999,WY
37595,Point of Rocks,-999,WY
37596,Ridgeview,-999,WV
37597,Angiola,-999,CA
37598,Monches,-999,WI
37599,Acushnet,3073,MA
37600,Modena,-999,UT
37601,Balance Rock,-999,CA
37602,Monterey,-999,WI
37603,Burris,-999,WY
37604,Alamo Oaks,-999,CA
37605,Cotton Center,-999,CA
37606,Weston,-999,MI
37607,Okauchee,-999,WI
37608,Cecilville,-999,CA
37609,Johnsondale,-999,CA
37610,Milford,-999,WY
37611,Cowell,-999,CA
37612,Stonebank,-999,WI
37613,Bray,-999,CA
37614,Kaweah,-999,CA
37615,Maltby,-999,CA
37616,Summit Corners,-999,WI
37617,Morton,-999,WY
37618,Poplar,-999,CA
37619,Somes Bar,-999,CA
37620,Shore Acres,-999,CA
37621,Jamestown,-999,OK
37622,Klamath River,-999,CA
37623,Utica,-999,WI
37624,Selby,-999,CA
37625,South Pass City,-999,WY
37626,Shady Grove,-999,OK
37627,Lisco,-999,NE
37628,Waterville,-999,WI
37629,Montpelier,-999,CA
37630,Englewood,-999,TN
37631,Midway,-999,TN
37632,Northport,-999,NE
37633,Bethesda,-999,WI
37634,Peach Creek,-999,WV
37635,North Wardell,-999,MO
37636,Requa,-999,CA
37637,Genesee,-999,WI
37638,Hutchinson,-999,WV
37639,Lysite,-999,WY
37640,Cottonwood Point,-999,MO
37641,Fort Dick,-999,CA
37642,Vernon,-999,WI
37643,Stirrat,-999,WV
37644,Rineyville,-999,KY
37645,Hackamore,-999,CA
37646,Colcord,-999,WV
37647,Tionesta,-999,CA
37648,Fireco,-999,WV
37649,Incline Village,-999,NV
37650,Moneta,-999,WY
37651,Georgetown,-999,IN
37652,Granger,-999,IN
37653,Manchester,-999,WI
37654,Briggsville,-999,WI
37655,Germania,-999,WI
37656,Mecan,-999,WI
37657,Dotyville,-999,WI
37658,Johnsburg,-999,WI
37659,Pipe,-999,WI
37660,Waucousta,-999,WI
37661,Alto,-999,WI
37662,Ashford,-999,WI
37663,Byron,-999,WI
37664,Eldorado,-999,WI
37665,Lamartine,-999,WI
37666,Ada,-999,WI
37667,Batavia,-999,WI
37668,Haven,-999,WI
37669,Mosel,-999,WI
37670,Rhine,-999,WI
37671,Stony Lake,-999,MI
37672,Winn,-999,MI
37673,Bitely,-999,MI
37674,Woodland Park,-999,MI
37675,Esofea,-999,WI
37676,Liberty Pole,-999,WI
37677,Newry,-999,WI
37678,Valley,-999,WI
37679,Mount Tabor,-999,WI
37680,Greenwood,-999,WI
37681,Liberty,-999,WI
37682,Victory,-999,WI
37683,Dekorra,-999,WI
37684,Leeds,-999,WI
37685,Belinda City,-999,TN
37686,Arlington,-999,NC
37687,Rocky Fork,-999,TN
37688,Quay,-999,OK
37689,Sandia Pueblo,369,NM
37690,Neubert,-999,TN
37691,Mayland,-999,TN
37692,New Tulsa,-999,OK
37693,Gulivoire Park,-999,IN
37694,Moodys,-999,OK
37695,Parkman,-999,OH
37696,Bunch,-999,OK
37697,Farthing,-999,WY
37698,Overall,-999,TN
37699,Horse Creek,-999,WY
37700,Christiana,-999,TN
37701,Meriden,-999,WY
37702,Ilfeld,-999,NM
37703,Dellslow,-999,WV
37704,Egbert,-999,WY
37705,Sherrills Ford,-999,NC
37706,Lowsville,-999,WV
37707,Orchard Valley,-999,WY
37708,Chubbuck,-999,CA
37709,Placid Lakes,-999,FL
37710,Cuzzart,-999,WV
37711,East Haddam,-999,CT
37712,Essex,-999,CA
37713,Palm River,-999,FL
37714,Murrieta Hot Springs,-999,CA
37715,Fellowsville,-999,WV
37716,Quail Valley,-999,CA
37717,Beaver Dam Lake,-999,NY
37718,Fenner,-999,CA
37719,Browardale,-999,FL
37720,Sedco Hills,-999,CA
37721,Almy,-999,WY
37722,Scotland,-999,CA
37723,Corinth,-999,WV
37724,Pine Island Ridge,-999,FL
37725,Sun City,-999,CA
37726,Aspen,-999,WY
37727,Riverland,-999,FL
37728,Alta Loma,-999,CA
37729,Folsom,-999,WV
37730,Branchville,-999,AL
37731,Verne,-999,WY
37732,Arrowhead Highlands,-999,CA
37733,Proctor,-999,WV
37734,Ludlam,-999,FL
37735,Discovery,-999,MD
37736,Bunche Park,-999,FL
37737,Altamont,-999,WY
37738,Atolia,-999,CA
37739,Bynum,-999,AL
37740,Green Valley,-999,MD
37741,Blue Mountain,-999,AL
37742,Bagdad,-999,CA
37743,Summerland Key,-999,FL
37744,Piedmont,-999,WY
37745,Magnolia,-999,WV
37746,Capistrano Beach,-999,CA
37747,Blue Jay,-999,CA
37748,Plantation Key,-999,FL
37749,Crannell,-999,CA
37750,New Creek,-999,WV
37751,Silverado,-999,CA
37752,Cajon Junction,-999,CA
37753,Pigeon River,-999,MN
37754,Moonstone,-999,CA
37755,Four States,-999,WV
37756,Emerald Bay,-999,CA
37757,Cedar Glen,-999,CA
37758,Blueberry,-999,WI
37759,Rohnerville,-999,CA
37760,Challenge,-999,CA
37761,Lemon Heights,-999,CA
37762,Cedarpines Park,-999,CA
37763,Foxboro,-999,WI
37764,Honeydew,-999,CA
37765,Lake Hart,-999,IN
37766,Orange Park Acres,-999,CA
37767,Patzau,-999,WI
37768,Cima,-999,CA
37769,Korbel,-999,CA
37770,Shanghai,-999,WV
37771,Panorama Heights,-999,CA
37772,South Range,-999,WI
37773,College Heights,-999,CA
37774,Petrolia,-999,CA
37775,Shepardsville,-999,IN
37776,San Juan Hot Springs,-999,CA
37777,South Superior,-999,WI
37778,Del Rosa,-999,CA
37779,Shively,-999,CA
37780,Wick,-999,WV
37781,Santa Ana Heights,-999,CA
37782,East Highlands,-999,CA
37783,Wentworth,-999,WI
37784,Hoopa,-999,CA
37785,South Laguna,-999,CA
37786,Green Valley Lake,-999,CA
37787,Indian Springs,-999,OH
37788,Briceland,-999,CA
37789,Hines,-999,WI
37790,Surfside,-999,CA
37791,Guasti,-999,CA
37792,Slanesville,-999,WV
37793,Skyline,-999,NE
37794,Bennett,-999,WI
37795,Top of the World,-999,CA
37796,Los Serranos,-999,CA
37797,Delray,-999,WV
37798,Elkhorn,-999,NE
37799,Cloverland,-999,WI
37800,Trabuco Canyon,-999,CA
37801,Narod,-999,CA
37802,North Fork Village,-999,OH
37803,Big Bar,-999,CA
37804,Dairyland,-999,WI
37805,Trabuco Highlands,-999,CA
37806,Kearneysville,-999,WV
37807,Island Mountain,-999,CA
37808,Newberry Springs,-999,CA
37809,Hawthorne,-999,WI
37810,Cahaba Heights,-999,AL
37811,Rippon,-999,WV
37812,Valley City,-999,OH
37813,Red Mountain,-999,CA
37814,Maple,-999,WI
37815,Chalkville,-999,AL
37816,Ranson,-999,WV
37817,Little Falls,-999,NJ
37818,Wascott,-999,WI
37819,Gantts Quarry,-999,AL
37820,Skyforest,-999,CA
37821,Schultz,-999,WV
37822,Wayne,-999,NJ
37823,Red Cliff,-999,WI
37824,Huger,-999,SC
37825,Sleepy Hollow,-999,CA
37826,Sardis,-999,WV
37827,Benoit,-999,WI
37828,West Milford,-999,NJ
37829,Calavo Gardens,-999,CA
37830,Smiley Park,-999,CA
37831,McWhorter,-999,WV
37832,Moquah,-999,WI
37833,Standish,-999,CA
37834,Twin Peaks,-999,CA
37835,Cardiff-by-the-Sea,-999,CA
37836,Wallace,-999,WV
37837,Namekagon,-999,WI
37838,Termo,-999,CA
37839,Valley View Park,-999,CA
37840,Del Dios,-999,CA
37841,Milford,-999,IN
37842,Barksdale,-999,WI
37843,Wendel,-999,CA
37844,Verdemont,-999,CA
37845,Grossmont,-999,CA
37846,Pruntytown,-999,WV
37847,Delta,-999,WI
37848,Viola,-999,CA
37849,Vidal,-999,CA
37850,Johnstown,-999,CA
37851,Thornton,-999,WV
37852,Oulu,-999,WI
37853,Lakehead,-999,CA
37854,Vidal Junction,-999,CA
37855,Lakeview,-999,CA
37856,Leopold,-999,WV
37857,River Vale,-999,NJ
37858,Westend,-999,CA
37859,High Bridge,-999,WI
37860,Leucadia,-999,CA
37861,Smithburg,-999,WV
37862,Rochelle Park,-999,NJ
37863,Di Giorgio,-999,CA
37864,Morse,-999,WI
37865,Moreno,-999,CA
37866,New Milton,-999,WV
37867,Saddle Brook,-999,NJ
37868,Garlock,-999,CA
37869,Peeksville,-999,WI
37870,Riverview Farms,-999,CA
37871,Delevan,-999,CA
37872,Lyndhurst,-999,NJ
37873,Caliente,-999,CA
37874,Casa de Oro,-999,CA
37875,Sanborn,-999,WI
37876,Kanawha,-999,WV
37877,Teaneck,-999,NJ
37878,Miracle Hot Springs,-999,CA
37879,Castle Park,-999,CA
37880,Shanagolden,-999,WI
37881,Murphytown,-999,WV
37882,Wyckoff,-999,NJ
37883,South Lake,-999,CA
37884,Jesmond Dene,-999,CA
37885,White River,-999,WI
37886,Rockport,-999,WV
37887,East Hanover,-999,NJ
37888,Rover,-999,TN
37889,Lincoln Acres,-999,CA
37890,La Pointe,-999,WI
37891,Pike,-999,WV
37892,Campion,-999,CO
37893,Iron City,-999,TN
37894,Live Oak Springs,-999,CA
37895,Kenton,-999,MI
37896,Smithville,-999,WV
37897,Hoyt,-999,OK
37898,Unionville,-999,NV
37899,Lynwood Hills,-999,CA
37900,Sidnaw,-999,MI
37901,Mellin,-999,WV
37902,Hickory Withe,-999,TN
37903,Fairfield,-999,NJ
37904,Winona,-999,MI
37905,Petroleum,-999,WV
37906,Mesa Grande,-999,CA
37907,Monroe,-999,OK
37908,Belleville,-999,NJ
37909,Rossmoor,-999,MD
37910,Hall Park,-999,OK
37911,Northland,-999,MI
37912,San Luis Rey,-999,CA
37913,Bloomfield,-999,NJ
37914,Wheaton,-999,MD
37915,Blanco,-999,OK
37916,Au Train,-999,MI
37917,Suncrest,-999,CA
37918,Cedar Grove,-999,NJ
37919,Dorcas,-999,WV
37920,Deerton,-999,MI
37921,Sunnyside,-999,CA
37922,Millburn,-999,NJ
37923,Isleta Pueblo,-999,NM
37924,Mount Storm,-999,WV
37925,Melstrand,-999,MI
37926,Montclair,-999,NJ
37927,Tecate,-999,CA
37928,Colonias,-999,NM
37929,Scherr,-999,WV
37930,Pala,-999,CA
37931,Trenary,-999,MI
37932,Nutley,-999,NJ
37933,Betteravia,-999,CA
37934,Henry,-999,WV
37935,Santan,-999,AZ
37936,Wetmore,-999,MI
37937,Orange,-999,NJ
37938,Honda,-999,CA
37939,Whitesboro,-999,NJ
37940,Coyote Wells,-999,CA
37941,Kipling,-999,MI
37942,Irvington,-999,NJ
37943,Las Cruces,-999,CA
37944,Applegate,-999,CA
37945,Plaster City,-999,CA
37946,Nahma,-999,MI
37947,Livingston,-999,NJ
37948,Tajiguas,-999,CA
37949,Emigrant Gap,-999,CA
37950,Maplewood,-999,NJ
37951,Marshall Creek,-999,TX
37952,Gowen,-999,OK
37953,Perkins,-999,MI
37954,Tahoe City,-999,CA
37955,South Orange,-999,NJ
37956,McAllister,-999,WI
37957,South Yuba City,-999,CA
37958,Verona,-999,NJ
37959,Eagle Mountain,-999,TX
37960,Gravel Ridge,-999,AR
37961,Athelstane,-999,WI
37962,Tierra Buena,-999,CA
37963,Gresston,-999,GA
37964,Sespe,-999,CA
37965,West Caldwell,-999,NJ
37966,Nestorville,-999,WV
37967,Beaver,-999,WI
37968,Preston,-999,GA
37969,Somis,-999,CA
37970,West Orange,-999,NJ
37971,Coketon,-999,WV
37972,Beecher,-999,WI
37973,Berkeley Heights,-999,NJ
37974,Weston,-999,GA
37975,Ventura,-999,CA
37976,Laneville,-999,WV
37977,Middle Inlet,-999,WI
37978,Clark,-999,NJ
37979,Aloha,-999,LA
37980,Bassett,-999,CA
37981,Lost City,-999,WV
37982,Porterfield,-999,WI
37983,City Terrace,-999,CA
37984,Cranford,-999,NJ
37985,Lillian,-999,AL
37986,Baker,-999,WV
37987,Wagner,-999,WI
37988,Cornell,-999,CA
37989,Perdido,-999,AL
37990,Hillside,-999,NJ
37991,Mathias,-999,WV
37992,Carlsville,-999,WI
37993,Dominguez,-999,CA
37994,Stapleton,-999,AL
37995,Scotch Plains,-999,NJ
37996,Old Fields,-999,WV
37997,Fish Creek,-999,WI
37998,Glenview,-999,CA
37999,Springfield,-999,NJ
38000,Stockton,-999,AL
38001,Pumphrey,-999,MD
38002,Gills Rock,-999,WI
38003,La Crescenta,-999,CA
38004,Union,-999,NJ
38005,Semmes,-999,AL
38006,Green Haven,-999,MD
38007,Institute,-999,WI
38008,Amite,4141,LA
38009,Hillsmere Shores,-999,MD
38010,Montrose,-999,CA
38011,Richfield,-999,PA
38012,Maplewood,-999,WI
38013,Paintertown,-999,PA
38014,Londontowne,-999,MD
38015,Pearblossom,-999,CA
38016,Pine Grove,-999,LA
38017,Whitefish Bay,-999,WI
38018,Saugus,-999,CA
38019,Anderson Mill,-999,TX
38020,Mount Lebanon,-999,PA
38021,South Gate,-999,MD
38022,Brussels,-999,WI
38023,Brohard,-999,WV
38024,View Park,-999,CA
38025,Le Moyen,-999,LA
38026,North Versailles,-999,PA
38027,Jacksonport,-999,WI
38028,Penn Hills,-999,PA
38029,Alum Bridge,-999,WV
38030,West Whittier,-999,CA
38031,Lebeau,-999,LA
38032,Washington,-999,WI
38033,Edison,-999,NJ
38034,Ireland,-999,WV
38035,Windsor Hills,-999,CA
38036,Ledoux,-999,LA
38037,Stalwart,-999,MI
38038,East Brunswick,-999,NJ
38039,Walkersville,-999,WV
38040,Agoura,-999,CA
38041,Lewisburg,-999,LA
38042,Brimley,-999,MI
38043,North Brunswick,-999,NJ
38044,Suitland,-999,MD
38045,East La Mirada,-999,CA
38046,Morrow,-999,LA
38047,Paradise,-999,MI
38048,Kingston,-999,NJ
38049,Glady,-999,WV
38050,Clarita,-999,OK
38051,Whiteville,-999,LA
38052,Bemis,-999,WV
38053,Rudyard,-999,MI
38054,East Springfield,-999,OH
38055,Wardville,-999,OK
38056,Woodside,-999,LA
38057,Trout Lake,-999,MI
38058,Vinton,-999,CA
38059,Norton,-999,WV
38060,Coleman,724,OK
38061,Martin Bluff,-999,MS
38062,Sloat,-999,CA
38063,Zephyr Cove,-999,NV
38064,Hessel,-999,MI
38065,Connerville,-999,OK
38066,Lewisburg,-999,LA
38067,Ewing,-999,NJ
38068,Moran,-999,MI
38069,Frenchton,-999,WV
38070,Saint Benedict,-999,LA
38071,Oak Grove,-999,GA
38072,Mercerville,-999,NJ
38073,Good Hart,-999,MI
38074,Hodgesville,-999,WV
38075,Saint Joe,-999,LA
38076,Seagate,-999,NC
38077,New Court Village,-999,MO
38078,Bay View,-999,MI
38079,Lorentz,-999,WV
38080,Talisheek,-999,LA
38081,Masonboro,-999,NC
38082,Florence,-999,NJ
38083,Williamsburg,-999,MI
38084,Wool Market,-999,MS
38085,Long Beach,-999,NC
38086,Alexander,-999,WV
38087,Feather Falls,-999,CA
38088,Tinaja,-999,TX
38089,Yaupon Beach,-999,NC
38090,Rockport,-999,MI
38091,Abbott,-999,WV
38092,Grindstone,-999,PA
38093,Tanglewood Forest,-999,TX
38094,Mountainboro,-999,AL
38095,Anchorville,-999,MI
38096,Ellamore,-999,WV
38097,New Salem,-999,PA
38098,Onion Creek,-999,TX
38099,Belltown,-999,CA
38100,Rock Cave,-999,WV
38101,Avoca,-999,MI
38102,Springfield,-999,PA
38103,Hiland Park,-999,FL
38104,El Casco,-999,CA
38105,Coxs Mills,-999,WV
38106,Berville,-999,MI
38107,Captina,-999,WV
38108,Hills Prairie,-999,TX
38109,Alberhill,-999,CA
38110,Tanner,-999,WV
38111,Fair Haven,-999,MI
38112,Lone Star,-999,LA
38113,Elk,-999,CA
38114,Idyllwild,-999,CA
38115,Latonia Lakes,-999,KY
38116,Gardendale,-999,MI
38117,Mimosa Park,-999,LA
38118,Piercy,-999,CA
38119,Midland,-999,CA
38120,Kenna,-999,WV
38121,Lakeport,-999,MI
38122,Ward Ridge,-999,FL
38123,Rockport,-999,CA
38124,Sunnymead,-999,CA
38125,Sandyville,-999,WV
38126,Sparlingville,-999,MI
38127,Reggio,-999,LA
38128,Westport,-999,CA
38129,Palm Desert Country,-999,CA
38130,Cottageville,-999,WV
38131,Grosse Ile,-999,MI
38132,Saint Bernard,-999,LA
38133,Pennsauken,-999,NJ
38134,East Blythe,-999,CA
38135,Evans,-999,WV
38136,Waltz,-999,MI
38137,Shell Beach,-999,LA
38138,Indianapolis,820445,IN
38139,Omo Ranch,-999,CA
38140,Willow,-999,MI
38141,Toca,-999,LA
38142,Northview,-999,OH
38143,Meeks Bay,-999,CA
38144,Redford,-999,MI
38145,Verret,-999,LA
38146,Glenn,-999,CA
38147,Jefferson,-999,VA
38148,Canton,-999,MI
38149,Yscloskey,-999,LA
38150,Newville,-999,CA
38151,Lynx,-999,OH
38152,'Ewa,-999,HI
38153,Vacherie,-999,LA
38154,Long Meadow,-999,MD
38155,Millstone,-999,WV
38156,Honolulu,-999,HI
38157,Pointe _ la Hache,187,LA
38158,Core,-999,WV
38159,Glenwood,-999,WV
38160,Chernofski,-999,AK
38161,First Colony,-999,TX
38162,Osage,-999,WV
38163,Brighton,-999,WV
38164,Amchitka,-999,AK
38165,Town West,-999,TX
38166,Ikatan,-999,AK
38167,Dominion,-999,TX
38168,Onego,-999,WV
38169,Circleville,-999,WV
38170,Kvichak,-999,AK
38171,Sandy Point,-999,TX
38172,Hawthorne,-999,FL
38173,Riverton,-999,WV
38174,Nunaka Valley,-999,AK
38175,Pernitas Point,-999,TX
38176,Upper Tract,-999,WV
38177,Eyak,-999,AK
38178,Gibsonia,-999,FL
38179,Jakolof Bay,-999,AK
38180,Winston,-999,FL
38181,Harding Lake,-999,AK
38182,Highpoint,5195,FL
38183,Alcan,-999,AK
38184,Deadhorse,-999,AK